[
{
    "pk": 1, 
    "fields": {
        "app_label": "admin", 
        "model": "logentry", 
        "name": "log entry"
    }, 
    "model": "contenttypes.contenttype"
},
{
    "pk": 2, 
    "fields": {
        "app_label": "auth", 
        "model": "permission", 
        "name": "permission"
    }, 
    "model": "contenttypes.contenttype"
},
{
    "pk": 3, 
    "fields": {
        "app_label": "auth", 
        "model": "group", 
        "name": "group"
    }, 
    "model": "contenttypes.contenttype"
},
{
    "pk": 4, 
    "fields": {
        "app_label": "auth", 
        "model": "user", 
        "name": "user"
    }, 
    "model": "contenttypes.contenttype"
},
{
    "pk": 5, 
    "fields": {
        "app_label": "contenttypes", 
        "model": "contenttype", 
        "name": "content type"
    }, 
    "model": "contenttypes.contenttype"
},
{
    "pk": 6, 
    "fields": {
        "app_label": "sessions", 
        "model": "session", 
        "name": "session"
    }, 
    "model": "contenttypes.contenttype"
},
{
    "pk": 7, 
    "fields": {
        "app_label": "ozio", 
        "model": "type", 
        "name": "type"
    }, 
    "model": "contenttypes.contenttype"
},
{
    "pk": 8, 
    "fields": {
        "app_label": "ozio", 
        "model": "cate", 
        "name": "cate"
    }, 
    "model": "contenttypes.contenttype"
},
{
    "pk": 9, 
    "fields": {
        "app_label": "ozio", 
        "model": "subcate", 
        "name": "sub cate"
    }, 
    "model": "contenttypes.contenttype"
},
{
    "pk": 10, 
    "fields": {
        "app_label": "ozio", 
        "model": "keyword", 
        "name": "keyword"
    }, 
    "model": "contenttypes.contenttype"
},
{
    "pk": 11, 
    "fields": {
        "app_label": "ozio", 
        "model": "sourcefile", 
        "name": "source file"
    }, 
    "model": "contenttypes.contenttype"
},
{
    "pk": 12, 
    "fields": {
        "app_label": "ozio", 
        "model": "transaction", 
        "name": "transaction"
    }, 
    "model": "contenttypes.contenttype"
},
{
    "pk": 13, 
    "fields": {
        "app_label": "ozio", 
        "model": "transactionfilter", 
        "name": "transaction filter"
    }, 
    "model": "contenttypes.contenttype"
},
{
    "pk": 14, 
    "fields": {
        "app_label": "ozio", 
        "model": "filtersql", 
        "name": "filter sql"
    }, 
    "model": "contenttypes.contenttype"
},
{
    "pk": "mrqqnc8e5yh5zwprb1769tf7aafwl1d4", 
    "fields": {
        "session_data": "YTFmYjM4YTMwMGJhYTdhMjczOTkzMTRlNWQyMzY4YjM3YjI3YjM3NDp7fQ==", 
        "expire_date": "2014-05-06T05:50:17Z"
    }, 
    "model": "sessions.session"
},
{
    "pk": 1, 
    "fields": {
        "span_months": 1, 
        "type": "Off Balance", 
        "description": "Off Balance Expense"
    }, 
    "model": "ozio.type"
},
{
    "pk": 2, 
    "fields": {
        "span_months": 1, 
        "type": "One Off", 
        "description": "One Off Expense"
    }, 
    "model": "ozio.type"
},
{
    "pk": 3, 
    "fields": {
        "span_months": 12, 
        "type": "Annual", 
        "description": "Annual Expense"
    }, 
    "model": "ozio.type"
},
{
    "pk": 4, 
    "fields": {
        "span_months": 3, 
        "type": "Quarterly", 
        "description": "Quarterly Expense"
    }, 
    "model": "ozio.type"
},
{
    "pk": 5, 
    "fields": {
        "span_months": 1, 
        "type": "Income", 
        "description": "Salary, Interest, etc."
    }, 
    "model": "ozio.type"
},
{
    "pk": 1, 
    "fields": {
        "description": "Must Spent To Stay Alive", 
        "cate": "Living"
    }, 
    "model": "ozio.cate"
},
{
    "pk": 2, 
    "fields": {
        "description": "Enjoy living", 
        "cate": "Luxury"
    }, 
    "model": "ozio.cate"
},
{
    "pk": 3, 
    "fields": {
        "description": "Something last very long", 
        "cate": "Properties"
    }, 
    "model": "ozio.cate"
},
{
    "pk": 4, 
    "fields": {
        "description": "Off Balance Expense, e.g. internal transfer", 
        "cate": "Off Balance"
    }, 
    "model": "ozio.cate"
},
{
    "pk": 5, 
    "fields": {
        "description": "Salary, Interest, etc.", 
        "cate": "Income"
    }, 
    "model": "ozio.cate"
},
{
    "pk": 6, 
    "fields": {
        "description": "Spent for enjoying life", 
        "cate": "Leisure"
    }, 
    "model": "ozio.cate"
},
{
    "pk": 7, 
    "fields": {
        "description": "For span transactions", 
        "cate": "N/A"
    }, 
    "model": "ozio.cate"
},
{
    "pk": 1, 
    "fields": {
        "sub_cate": "Food & Drink", 
        "description": "", 
        "cate": 1
    }, 
    "model": "ozio.subcate"
},
{
    "pk": 2, 
    "fields": {
        "sub_cate": "Clothes & Shoes", 
        "description": "", 
        "cate": 1
    }, 
    "model": "ozio.subcate"
},
{
    "pk": 3, 
    "fields": {
        "sub_cate": "Wine", 
        "description": "", 
        "cate": 2
    }, 
    "model": "ozio.subcate"
},
{
    "pk": 4, 
    "fields": {
        "sub_cate": "Car", 
        "description": "", 
        "cate": 3
    }, 
    "model": "ozio.subcate"
},
{
    "pk": 5, 
    "fields": {
        "sub_cate": "Houseware", 
        "description": "", 
        "cate": 1
    }, 
    "model": "ozio.subcate"
},
{
    "pk": 6, 
    "fields": {
        "sub_cate": "N/A", 
        "description": "", 
        "cate": 4
    }, 
    "model": "ozio.subcate"
},
{
    "pk": 7, 
    "fields": {
        "sub_cate": "Mobile", 
        "description": "Mobile Phone", 
        "cate": 1
    }, 
    "model": "ozio.subcate"
},
{
    "pk": 8, 
    "fields": {
        "sub_cate": "Transport", 
        "description": "Train, Bus, Petrol, Toll Road, etc.", 
        "cate": 1
    }, 
    "model": "ozio.subcate"
},
{
    "pk": 9, 
    "fields": {
        "sub_cate": "Cash Out", 
        "description": "Cash Out should be recorded manually", 
        "cate": 4
    }, 
    "model": "ozio.subcate"
},
{
    "pk": 10, 
    "fields": {
        "sub_cate": "Body Care", 
        "description": "Shower Gel, Shampoo, etc.", 
        "cate": 1
    }, 
    "model": "ozio.subcate"
},
{
    "pk": 11, 
    "fields": {
        "sub_cate": "Credit Interest", 
        "description": "", 
        "cate": 5
    }, 
    "model": "ozio.subcate"
},
{
    "pk": 12, 
    "fields": {
        "sub_cate": "Salary", 
        "description": "", 
        "cate": 5
    }, 
    "model": "ozio.subcate"
},
{
    "pk": 13, 
    "fields": {
        "sub_cate": "Tax", 
        "description": "", 
        "cate": 1
    }, 
    "model": "ozio.subcate"
},
{
    "pk": 14, 
    "fields": {
        "sub_cate": "Home Rent", 
        "description": "", 
        "cate": 1
    }, 
    "model": "ozio.subcate"
},
{
    "pk": 15, 
    "fields": {
        "sub_cate": "Insurance", 
        "description": "Car, Life Insurance, etc.", 
        "cate": 1
    }, 
    "model": "ozio.subcate"
},
{
    "pk": 16, 
    "fields": {
        "sub_cate": "RMB", 
        "description": "Money from China", 
        "cate": 4
    }, 
    "model": "ozio.subcate"
},
{
    "pk": 17, 
    "fields": {
        "sub_cate": "Travel", 
        "description": "", 
        "cate": 6
    }, 
    "model": "ozio.subcate"
},
{
    "pk": 18, 
    "fields": {
        "sub_cate": "Leisure:Food & Drink", 
        "description": "", 
        "cate": 6
    }, 
    "model": "ozio.subcate"
},
{
    "pk": 19, 
    "fields": {
        "sub_cate": "N/A,N/A", 
        "description": "", 
        "cate": 7
    }, 
    "model": "ozio.subcate"
},
{
    "pk": 1, 
    "fields": {
        "priority": 4, 
        "keyword": "COLES", 
        "cate": 1, 
        "sub_cate": 1, 
        "type": 2, 
        "description": ""
    }, 
    "model": "ozio.keyword"
},
{
    "pk": 2, 
    "fields": {
        "priority": 4, 
        "keyword": "WOOLWORTHS", 
        "cate": 1, 
        "sub_cate": 1, 
        "type": 2, 
        "description": ""
    }, 
    "model": "ozio.keyword"
},
{
    "pk": 3, 
    "fields": {
        "priority": 4, 
        "keyword": "KMART", 
        "cate": 1, 
        "sub_cate": 5, 
        "type": 2, 
        "description": ""
    }, 
    "model": "ozio.keyword"
},
{
    "pk": 4, 
    "fields": {
        "priority": 4, 
        "keyword": "TARGET", 
        "cate": 1, 
        "sub_cate": 5, 
        "type": 2, 
        "description": ""
    }, 
    "model": "ozio.keyword"
},
{
    "pk": 5, 
    "fields": {
        "priority": 10, 
        "keyword": "INTERNALS", 
        "cate": 4, 
        "sub_cate": 6, 
        "type": 1, 
        "description": "Internal Money Transfer"
    }, 
    "model": "ozio.keyword"
},
{
    "pk": 6, 
    "fields": {
        "priority": 4, 
        "keyword": "NEW BALANCE", 
        "cate": 1, 
        "sub_cate": 2, 
        "type": 2, 
        "description": ""
    }, 
    "model": "ozio.keyword"
},
{
    "pk": 7, 
    "fields": {
        "priority": 4, 
        "keyword": "TRANSFER TO XX4978", 
        "cate": 4, 
        "sub_cate": 6, 
        "type": 1, 
        "description": "Internal"
    }, 
    "model": "ozio.keyword"
},
{
    "pk": 8, 
    "fields": {
        "priority": 4, 
        "keyword": "TRANSFER FROM XX4978", 
        "cate": 4, 
        "sub_cate": 6, 
        "type": 1, 
        "description": "Internal"
    }, 
    "model": "ozio.keyword"
},
{
    "pk": 9, 
    "fields": {
        "priority": 4, 
        "keyword": "TRANSFER FROM XX8088", 
        "cate": 4, 
        "sub_cate": 6, 
        "type": 1, 
        "description": "Internal"
    }, 
    "model": "ozio.keyword"
},
{
    "pk": 10, 
    "fields": {
        "priority": 4, 
        "keyword": "TRANSFER TO XX8088", 
        "cate": 4, 
        "sub_cate": 6, 
        "type": 1, 
        "description": "Internal"
    }, 
    "model": "ozio.keyword"
},
{
    "pk": 11, 
    "fields": {
        "priority": 4, 
        "keyword": "TRANSFER TO XX8096", 
        "cate": 4, 
        "sub_cate": 6, 
        "type": 1, 
        "description": "Internal"
    }, 
    "model": "ozio.keyword"
},
{
    "pk": 12, 
    "fields": {
        "priority": 4, 
        "keyword": "TRANSFER FROM XX8096", 
        "cate": 4, 
        "sub_cate": 6, 
        "type": 1, 
        "description": "Internal"
    }, 
    "model": "ozio.keyword"
},
{
    "pk": 13, 
    "fields": {
        "priority": 4, 
        "keyword": "VODAFONE", 
        "cate": 1, 
        "sub_cate": 7, 
        "type": 2, 
        "description": ""
    }, 
    "model": "ozio.keyword"
},
{
    "pk": 14, 
    "fields": {
        "priority": 10, 
        "keyword": "CASH OUT", 
        "cate": 4, 
        "sub_cate": 9, 
        "type": 1, 
        "description": ""
    }, 
    "model": "ozio.keyword"
},
{
    "pk": 15, 
    "fields": {
        "priority": 4, 
        "keyword": "HANDYWAY RAIL", 
        "cate": 1, 
        "sub_cate": 8, 
        "type": 2, 
        "description": ""
    }, 
    "model": "ozio.keyword"
},
{
    "pk": 16, 
    "fields": {
        "priority": 4, 
        "keyword": "DAISO", 
        "cate": 1, 
        "sub_cate": 5, 
        "type": 2, 
        "description": ""
    }, 
    "model": "ozio.keyword"
},
{
    "pk": 17, 
    "fields": {
        "priority": 4, 
        "keyword": "PAYPAL", 
        "cate": 1, 
        "sub_cate": 5, 
        "type": 2, 
        "description": ""
    }, 
    "model": "ozio.keyword"
},
{
    "pk": 18, 
    "fields": {
        "priority": 4, 
        "keyword": "TONG LI", 
        "cate": 1, 
        "sub_cate": 1, 
        "type": 2, 
        "description": ""
    }, 
    "model": "ozio.keyword"
},
{
    "pk": 19, 
    "fields": {
        "priority": 4, 
        "keyword": "MR LIQUOR", 
        "cate": 2, 
        "sub_cate": 3, 
        "type": 2, 
        "description": ""
    }, 
    "model": "ozio.keyword"
},
{
    "pk": 20, 
    "fields": {
        "priority": 4, 
        "keyword": "BUNNINGS", 
        "cate": 1, 
        "sub_cate": 5, 
        "type": 2, 
        "description": ""
    }, 
    "model": "ozio.keyword"
},
{
    "pk": 21, 
    "fields": {
        "priority": 10, 
        "keyword": "TRANSFER TO XX7456", 
        "cate": 4, 
        "sub_cate": 6, 
        "type": 1, 
        "description": "Internal"
    }, 
    "model": "ozio.keyword"
},
{
    "pk": 22, 
    "fields": {
        "priority": 10, 
        "keyword": "TRANSFER FROM XX7456", 
        "cate": 4, 
        "sub_cate": 6, 
        "type": 1, 
        "description": "Internal"
    }, 
    "model": "ozio.keyword"
},
{
    "pk": 23, 
    "fields": {
        "priority": 4, 
        "keyword": "SOUQ FRESH", 
        "cate": 1, 
        "sub_cate": 1, 
        "type": 2, 
        "description": "Vegi Store at Burwood Westfield"
    }, 
    "model": "ozio.keyword"
},
{
    "pk": 24, 
    "fields": {
        "priority": 4, 
        "keyword": "COTTON ON", 
        "cate": 1, 
        "sub_cate": 2, 
        "type": 2, 
        "description": ""
    }, 
    "model": "ozio.keyword"
},
{
    "pk": 25, 
    "fields": {
        "priority": 4, 
        "keyword": "TELSTRA", 
        "cate": 1, 
        "sub_cate": 7, 
        "type": 2, 
        "description": ""
    }, 
    "model": "ozio.keyword"
},
{
    "pk": 26, 
    "fields": {
        "priority": 4, 
        "keyword": "CHEMIST WAREHOUSE", 
        "cate": 1, 
        "sub_cate": 10, 
        "type": 2, 
        "description": ""
    }, 
    "model": "ozio.keyword"
},
{
    "pk": 27, 
    "fields": {
        "priority": 10, 
        "keyword": "CREDIT INTEREST", 
        "cate": 5, 
        "sub_cate": 11, 
        "type": 5, 
        "description": ""
    }, 
    "model": "ozio.keyword"
},
{
    "pk": 28, 
    "fields": {
        "priority": 4, 
        "keyword": "HOME AND KITCHEN", 
        "cate": 1, 
        "sub_cate": 5, 
        "type": 2, 
        "description": ""
    }, 
    "model": "ozio.keyword"
},
{
    "pk": 29, 
    "fields": {
        "priority": 4, 
        "keyword": "PETROL", 
        "cate": 1, 
        "sub_cate": 8, 
        "type": 2, 
        "description": ""
    }, 
    "model": "ozio.keyword"
},
{
    "pk": 30, 
    "fields": {
        "priority": 4, 
        "keyword": "COUNTRY GROWERS", 
        "cate": 1, 
        "sub_cate": 1, 
        "type": 2, 
        "description": ""
    }, 
    "model": "ozio.keyword"
},
{
    "pk": 31, 
    "fields": {
        "priority": 10, 
        "keyword": "FROM A/C XX8088", 
        "cate": 4, 
        "sub_cate": 6, 
        "type": 1, 
        "description": "Internal"
    }, 
    "model": "ozio.keyword"
},
{
    "pk": 32, 
    "fields": {
        "priority": 10, 
        "keyword": "TO A/C XX8088", 
        "cate": 4, 
        "sub_cate": 6, 
        "type": 1, 
        "description": "Internal"
    }, 
    "model": "ozio.keyword"
},
{
    "pk": 33, 
    "fields": {
        "priority": 10, 
        "keyword": "FROM A/C XX4978", 
        "cate": 4, 
        "sub_cate": 6, 
        "type": 1, 
        "description": "Internal"
    }, 
    "model": "ozio.keyword"
},
{
    "pk": 34, 
    "fields": {
        "priority": 10, 
        "keyword": "TO A/C XX4978", 
        "cate": 4, 
        "sub_cate": 6, 
        "type": 1, 
        "description": "Internal"
    }, 
    "model": "ozio.keyword"
},
{
    "pk": 35, 
    "fields": {
        "priority": 4, 
        "keyword": "SYDNEY TRAINS", 
        "cate": 1, 
        "sub_cate": 8, 
        "type": 2, 
        "description": ""
    }, 
    "model": "ozio.keyword"
},
{
    "pk": 36, 
    "fields": {
        "priority": 4, 
        "keyword": "SUBWAY SANDWICHES", 
        "cate": 1, 
        "sub_cate": 1, 
        "type": 2, 
        "description": ""
    }, 
    "model": "ozio.keyword"
},
{
    "pk": 37, 
    "fields": {
        "priority": 10, 
        "keyword": "WDL ATM CBA ATM", 
        "cate": 4, 
        "sub_cate": 9, 
        "type": 1, 
        "description": "ATM Withdraw"
    }, 
    "model": "ozio.keyword"
},
{
    "pk": 38, 
    "fields": {
        "priority": 10, 
        "keyword": "WDL BRANCH 116 BURWOOD RD", 
        "cate": 3, 
        "sub_cate": 4, 
        "type": 2, 
        "description": "Mazda 3 - Bank Check"
    }, 
    "model": "ozio.keyword"
},
{
    "pk": 39, 
    "fields": {
        "priority": 10, 
        "keyword": "ROCKDALE MAZDA ARNCLIFFE NS AUS CARD XX1940", 
        "cate": 3, 
        "sub_cate": 4, 
        "type": 2, 
        "description": "Mazda 3 - 1000 Bond"
    }, 
    "model": "ozio.keyword"
},
{
    "pk": 40, 
    "fields": {
        "priority": 10, 
        "keyword": "TRANSFER FROM XX4986", 
        "cate": 4, 
        "sub_cate": 6, 
        "type": 1, 
        "description": "Internal"
    }, 
    "model": "ozio.keyword"
},
{
    "pk": 41, 
    "fields": {
        "priority": 4, 
        "keyword": "TFN WITHHOLDING TAX", 
        "cate": 1, 
        "sub_cate": 13, 
        "type": 2, 
        "description": "Tax applied to interest before TFN"
    }, 
    "model": "ozio.keyword"
},
{
    "pk": 42, 
    "fields": {
        "priority": 4, 
        "keyword": "TONGLI SUPER", 
        "cate": 1, 
        "sub_cate": 1, 
        "type": 2, 
        "description": ""
    }, 
    "model": "ozio.keyword"
},
{
    "pk": 43, 
    "fields": {
        "priority": 4, 
        "keyword": "RENT FEE", 
        "cate": 1, 
        "sub_cate": 14, 
        "type": 2, 
        "description": ""
    }, 
    "model": "ozio.keyword"
},
{
    "pk": 44, 
    "fields": {
        "priority": 4, 
        "keyword": "TEMPUS TWO", 
        "cate": 2, 
        "sub_cate": 3, 
        "type": 2, 
        "description": ""
    }, 
    "model": "ozio.keyword"
},
{
    "pk": 45, 
    "fields": {
        "priority": 10, 
        "keyword": "FROM A/C XX7456", 
        "cate": 4, 
        "sub_cate": 6, 
        "type": 1, 
        "description": "Internal"
    }, 
    "model": "ozio.keyword"
},
{
    "pk": 46, 
    "fields": {
        "priority": 10, 
        "keyword": "TO A/C XX7456", 
        "cate": 4, 
        "sub_cate": 6, 
        "type": 1, 
        "description": "Internal"
    }, 
    "model": "ozio.keyword"
},
{
    "pk": 47, 
    "fields": {
        "priority": 10, 
        "keyword": "FROM A/C XX4986", 
        "cate": 4, 
        "sub_cate": 6, 
        "type": 1, 
        "description": "Internal"
    }, 
    "model": "ozio.keyword"
},
{
    "pk": 48, 
    "fields": {
        "priority": 10, 
        "keyword": "TO A/C XX4986", 
        "cate": 4, 
        "sub_cate": 6, 
        "type": 1, 
        "description": "Internal"
    }, 
    "model": "ozio.keyword"
},
{
    "pk": 49, 
    "fields": {
        "priority": 4, 
        "keyword": "PARKING", 
        "cate": 1, 
        "sub_cate": 8, 
        "type": 2, 
        "description": ""
    }, 
    "model": "ozio.keyword"
},
{
    "pk": 50, 
    "fields": {
        "priority": 4, 
        "keyword": "LUNCH FEE", 
        "cate": 1, 
        "sub_cate": 1, 
        "type": 2, 
        "description": ""
    }, 
    "model": "ozio.keyword"
},
{
    "pk": 51, 
    "fields": {
        "priority": 4, 
        "keyword": "MD AUBURN 132 AUBURN NS", 
        "cate": 1, 
        "sub_cate": 2, 
        "type": 2, 
        "description": "Auburn Outlet"
    }, 
    "model": "ozio.keyword"
},
{
    "pk": 52, 
    "fields": {
        "priority": 4, 
        "keyword": "HANSANG TRADING", 
        "cate": 1, 
        "sub_cate": 5, 
        "type": 2, 
        "description": "Korean Store at Lidcombe"
    }, 
    "model": "ozio.keyword"
},
{
    "pk": 53, 
    "fields": {
        "priority": 4, 
        "keyword": "N R M A", 
        "cate": 1, 
        "sub_cate": 15, 
        "type": 3, 
        "description": "NRMA"
    }, 
    "model": "ozio.keyword"
},
{
    "pk": 54, 
    "fields": {
        "priority": 10, 
        "keyword": "TRANSFER TO XX4986", 
        "cate": 4, 
        "sub_cate": 6, 
        "type": 1, 
        "description": "Internal"
    }, 
    "model": "ozio.keyword"
},
{
    "pk": 55, 
    "fields": {
        "priority": 4, 
        "keyword": "COMMUNITY RELATIONS", 
        "cate": 1, 
        "sub_cate": 8, 
        "type": 2, 
        "description": "CRC-License Translation"
    }, 
    "model": "ozio.keyword"
},
{
    "pk": 56, 
    "fields": {
        "priority": 4, 
        "keyword": "CELLARBRATIONS", 
        "cate": 2, 
        "sub_cate": 3, 
        "type": 2, 
        "description": "Wine Store at Strathfield"
    }, 
    "model": "ozio.keyword"
},
{
    "pk": 57, 
    "fields": {
        "priority": 4, 
        "keyword": "DAVID JONES", 
        "cate": 1, 
        "sub_cate": 5, 
        "type": 2, 
        "description": ""
    }, 
    "model": "ozio.keyword"
},
{
    "pk": 58, 
    "fields": {
        "priority": 4, 
        "keyword": "HANDYWAY WORLD KITC", 
        "cate": 1, 
        "sub_cate": 5, 
        "type": 2, 
        "description": "Houseware Store at BikenHead Point"
    }, 
    "model": "ozio.keyword"
},
{
    "pk": 59, 
    "fields": {
        "priority": 4, 
        "keyword": "ETOLLRTB", 
        "cate": 1, 
        "sub_cate": 8, 
        "type": 2, 
        "description": "E-TOLL"
    }, 
    "model": "ozio.keyword"
},
{
    "pk": 60, 
    "fields": {
        "priority": 4, 
        "keyword": "RTA", 
        "cate": 1, 
        "sub_cate": 8, 
        "type": 2, 
        "description": "RTA related. licensing, etc."
    }, 
    "model": "ozio.keyword"
},
{
    "pk": 61, 
    "fields": {
        "priority": 4, 
        "keyword": "TRANSPORT FOR NSW", 
        "cate": 1, 
        "sub_cate": 8, 
        "type": 2, 
        "description": "OPAL"
    }, 
    "model": "ozio.keyword"
},
{
    "pk": 62, 
    "fields": {
        "priority": 4, 
        "keyword": "DICK SMITH", 
        "cate": 1, 
        "sub_cate": 5, 
        "type": 2, 
        "description": ""
    }, 
    "model": "ozio.keyword"
},
{
    "pk": 63, 
    "fields": {
        "priority": 4, 
        "keyword": "REBEL SPORT", 
        "cate": 1, 
        "sub_cate": 2, 
        "type": 2, 
        "description": ""
    }, 
    "model": "ozio.keyword"
},
{
    "pk": 64, 
    "fields": {
        "priority": 10, 
        "keyword": "LIVING EXPENSE", 
        "cate": 4, 
        "sub_cate": 16, 
        "type": 1, 
        "description": "Money from China"
    }, 
    "model": "ozio.keyword"
},
{
    "pk": 65, 
    "fields": {
        "priority": 10, 
        "keyword": "MR WENZHEN HE REF 131120011759", 
        "cate": 4, 
        "sub_cate": 16, 
        "type": 1, 
        "description": "Money from UK Account"
    }, 
    "model": "ozio.keyword"
},
{
    "pk": 66, 
    "fields": {
        "priority": 10, 
        "keyword": "WENZHEN REF: CASH DEPOSIT CBA ATM STRATHFIELD A NSW 225601 AUS", 
        "cate": 4, 
        "sub_cate": 16, 
        "type": 1, 
        "description": "Money from China"
    }, 
    "model": "ozio.keyword"
},
{
    "pk": 69, 
    "fields": {
        "priority": 5, 
        "keyword": "GENERAL FOOD", 
        "cate": 1, 
        "sub_cate": 1, 
        "type": 2, 
        "description": "Manual Input Food"
    }, 
    "model": "ozio.keyword"
},
{
    "pk": 70, 
    "fields": {
        "priority": 4, 
        "keyword": "SEAFOOD BUYFOOD", 
        "cate": 6, 
        "sub_cate": 18, 
        "type": 2, 
        "description": "Fish Market Seafood"
    }, 
    "model": "ozio.keyword"
},
{
    "pk": 71, 
    "fields": {
        "priority": 5, 
        "keyword": "GENERAL TRANSPORT", 
        "cate": 1, 
        "sub_cate": 8, 
        "type": 2, 
        "description": "Manual Input Transport"
    }, 
    "model": "ozio.keyword"
},
{
    "pk": 72, 
    "fields": {
        "priority": 5, 
        "keyword": "GENERAL SOCIAL", 
        "cate": 6, 
        "sub_cate": 18, 
        "type": 2, 
        "description": "Manual Input Social"
    }, 
    "model": "ozio.keyword"
},
{
    "pk": 73, 
    "fields": {
        "priority": 5, 
        "keyword": "GENERAL TRAVEL", 
        "cate": 6, 
        "sub_cate": 17, 
        "type": 2, 
        "description": "Manual Input Travel"
    }, 
    "model": "ozio.keyword"
},
{
    "pk": 74, 
    "fields": {
        "priority": 5, 
        "keyword": "DRIVING LESSON", 
        "cate": 1, 
        "sub_cate": 8, 
        "type": 2, 
        "description": "Manual Input Driving Lesson"
    }, 
    "model": "ozio.keyword"
},
{
    "pk": 75, 
    "fields": {
        "priority": 100, 
        "keyword": "SPLITTED SPAN TRANSACTIONS", 
        "cate": 7, 
        "sub_cate": 19, 
        "type": 1, 
        "description": "For splitted span transactions, NOT for regular mapping"
    }, 
    "model": "ozio.keyword"
},
{
    "pk": 1, 
    "fields": {
        "description": "Cash outflow that logged in the system", 
        "filter_name": "Cash Expense Logged"
    }, 
    "model": "ozio.transactionfilter"
},
{
    "pk": 2, 
    "fields": {
        "description": "Cash from ATM or Cashout or oversee ", 
        "filter_name": "Cash In Hand"
    }, 
    "model": "ozio.transactionfilter"
},
{
    "pk": 3, 
    "fields": {
        "description": "Filters for the Monthly View Bar Chart at OZIO.home", 
        "filter_name": "Bar Chart - MonthlyView"
    }, 
    "model": "ozio.transactionfilter"
},
{
    "pk": 1, 
    "fields": {
        "filter": 1, 
        "filter_type": "filter", 
        "filter_sql": "source_file__file_name__icontains = 'Cash_OutFlow'"
    }, 
    "model": "ozio.filtersql"
},
{
    "pk": 2, 
    "fields": {
        "filter": 2, 
        "filter_type": "filter", 
        "filter_sql": "keyword__sub_cate__sub_cate__exact = 'Cash Out'"
    }, 
    "model": "ozio.filtersql"
},
{
    "pk": 3, 
    "fields": {
        "filter": 3, 
        "filter_type": "exclude", 
        "filter_sql": "keyword__type__type = 'Off Balance'"
    }, 
    "model": "ozio.filtersql"
},
{
    "pk": 4, 
    "fields": {
        "filter": 3, 
        "filter_type": "exclude", 
        "filter_sql": "keyword__type__type = 'Income'"
    }, 
    "model": "ozio.filtersql"
},
{
    "pk": 5, 
    "fields": {
        "filter": 3, 
        "filter_type": "exclude", 
        "filter_sql": "keyword__cate__cate = 'Properties'"
    }, 
    "model": "ozio.filtersql"
},
{
    "pk": 6, 
    "fields": {
        "filter": 3, 
        "filter_type": "exclude", 
        "filter_sql": "keyword__cate__cate = 'Off Balance'"
    }, 
    "model": "ozio.filtersql"
},
{
    "pk": 7, 
    "fields": {
        "filter": 3, 
        "filter_type": "exclude", 
        "filter_sql": "keyword__isnull = True"
    }, 
    "model": "ozio.filtersql"
},
{
    "pk": 8, 
    "fields": {
        "filter": 3, 
        "filter_type": "exclude", 
        "filter_sql": "date__gt = date.today()"
    }, 
    "model": "ozio.filtersql"
},
{
    "pk": 1, 
    "fields": {
        "codename": "add_logentry", 
        "content_type": 1, 
        "name": "Can add log entry"
    }, 
    "model": "auth.permission"
},
{
    "pk": 2, 
    "fields": {
        "codename": "change_logentry", 
        "content_type": 1, 
        "name": "Can change log entry"
    }, 
    "model": "auth.permission"
},
{
    "pk": 3, 
    "fields": {
        "codename": "delete_logentry", 
        "content_type": 1, 
        "name": "Can delete log entry"
    }, 
    "model": "auth.permission"
},
{
    "pk": 4, 
    "fields": {
        "codename": "add_permission", 
        "content_type": 2, 
        "name": "Can add permission"
    }, 
    "model": "auth.permission"
},
{
    "pk": 5, 
    "fields": {
        "codename": "change_permission", 
        "content_type": 2, 
        "name": "Can change permission"
    }, 
    "model": "auth.permission"
},
{
    "pk": 6, 
    "fields": {
        "codename": "delete_permission", 
        "content_type": 2, 
        "name": "Can delete permission"
    }, 
    "model": "auth.permission"
},
{
    "pk": 7, 
    "fields": {
        "codename": "add_group", 
        "content_type": 3, 
        "name": "Can add group"
    }, 
    "model": "auth.permission"
},
{
    "pk": 8, 
    "fields": {
        "codename": "change_group", 
        "content_type": 3, 
        "name": "Can change group"
    }, 
    "model": "auth.permission"
},
{
    "pk": 9, 
    "fields": {
        "codename": "delete_group", 
        "content_type": 3, 
        "name": "Can delete group"
    }, 
    "model": "auth.permission"
},
{
    "pk": 10, 
    "fields": {
        "codename": "add_user", 
        "content_type": 4, 
        "name": "Can add user"
    }, 
    "model": "auth.permission"
},
{
    "pk": 11, 
    "fields": {
        "codename": "change_user", 
        "content_type": 4, 
        "name": "Can change user"
    }, 
    "model": "auth.permission"
},
{
    "pk": 12, 
    "fields": {
        "codename": "delete_user", 
        "content_type": 4, 
        "name": "Can delete user"
    }, 
    "model": "auth.permission"
},
{
    "pk": 13, 
    "fields": {
        "codename": "add_contenttype", 
        "content_type": 5, 
        "name": "Can add content type"
    }, 
    "model": "auth.permission"
},
{
    "pk": 14, 
    "fields": {
        "codename": "change_contenttype", 
        "content_type": 5, 
        "name": "Can change content type"
    }, 
    "model": "auth.permission"
},
{
    "pk": 15, 
    "fields": {
        "codename": "delete_contenttype", 
        "content_type": 5, 
        "name": "Can delete content type"
    }, 
    "model": "auth.permission"
},
{
    "pk": 16, 
    "fields": {
        "codename": "add_session", 
        "content_type": 6, 
        "name": "Can add session"
    }, 
    "model": "auth.permission"
},
{
    "pk": 17, 
    "fields": {
        "codename": "change_session", 
        "content_type": 6, 
        "name": "Can change session"
    }, 
    "model": "auth.permission"
},
{
    "pk": 18, 
    "fields": {
        "codename": "delete_session", 
        "content_type": 6, 
        "name": "Can delete session"
    }, 
    "model": "auth.permission"
},
{
    "pk": 19, 
    "fields": {
        "codename": "add_type", 
        "content_type": 7, 
        "name": "Can add type"
    }, 
    "model": "auth.permission"
},
{
    "pk": 20, 
    "fields": {
        "codename": "change_type", 
        "content_type": 7, 
        "name": "Can change type"
    }, 
    "model": "auth.permission"
},
{
    "pk": 21, 
    "fields": {
        "codename": "delete_type", 
        "content_type": 7, 
        "name": "Can delete type"
    }, 
    "model": "auth.permission"
},
{
    "pk": 22, 
    "fields": {
        "codename": "add_cate", 
        "content_type": 8, 
        "name": "Can add cate"
    }, 
    "model": "auth.permission"
},
{
    "pk": 23, 
    "fields": {
        "codename": "change_cate", 
        "content_type": 8, 
        "name": "Can change cate"
    }, 
    "model": "auth.permission"
},
{
    "pk": 24, 
    "fields": {
        "codename": "delete_cate", 
        "content_type": 8, 
        "name": "Can delete cate"
    }, 
    "model": "auth.permission"
},
{
    "pk": 25, 
    "fields": {
        "codename": "add_subcate", 
        "content_type": 9, 
        "name": "Can add sub cate"
    }, 
    "model": "auth.permission"
},
{
    "pk": 26, 
    "fields": {
        "codename": "change_subcate", 
        "content_type": 9, 
        "name": "Can change sub cate"
    }, 
    "model": "auth.permission"
},
{
    "pk": 27, 
    "fields": {
        "codename": "delete_subcate", 
        "content_type": 9, 
        "name": "Can delete sub cate"
    }, 
    "model": "auth.permission"
},
{
    "pk": 28, 
    "fields": {
        "codename": "add_keyword", 
        "content_type": 10, 
        "name": "Can add keyword"
    }, 
    "model": "auth.permission"
},
{
    "pk": 29, 
    "fields": {
        "codename": "change_keyword", 
        "content_type": 10, 
        "name": "Can change keyword"
    }, 
    "model": "auth.permission"
},
{
    "pk": 30, 
    "fields": {
        "codename": "delete_keyword", 
        "content_type": 10, 
        "name": "Can delete keyword"
    }, 
    "model": "auth.permission"
},
{
    "pk": 31, 
    "fields": {
        "codename": "add_sourcefile", 
        "content_type": 11, 
        "name": "Can add source file"
    }, 
    "model": "auth.permission"
},
{
    "pk": 32, 
    "fields": {
        "codename": "change_sourcefile", 
        "content_type": 11, 
        "name": "Can change source file"
    }, 
    "model": "auth.permission"
},
{
    "pk": 33, 
    "fields": {
        "codename": "delete_sourcefile", 
        "content_type": 11, 
        "name": "Can delete source file"
    }, 
    "model": "auth.permission"
},
{
    "pk": 34, 
    "fields": {
        "codename": "add_transaction", 
        "content_type": 12, 
        "name": "Can add transaction"
    }, 
    "model": "auth.permission"
},
{
    "pk": 35, 
    "fields": {
        "codename": "change_transaction", 
        "content_type": 12, 
        "name": "Can change transaction"
    }, 
    "model": "auth.permission"
},
{
    "pk": 36, 
    "fields": {
        "codename": "delete_transaction", 
        "content_type": 12, 
        "name": "Can delete transaction"
    }, 
    "model": "auth.permission"
},
{
    "pk": 37, 
    "fields": {
        "codename": "add_transactionfilter", 
        "content_type": 13, 
        "name": "Can add transaction filter"
    }, 
    "model": "auth.permission"
},
{
    "pk": 38, 
    "fields": {
        "codename": "change_transactionfilter", 
        "content_type": 13, 
        "name": "Can change transaction filter"
    }, 
    "model": "auth.permission"
},
{
    "pk": 39, 
    "fields": {
        "codename": "delete_transactionfilter", 
        "content_type": 13, 
        "name": "Can delete transaction filter"
    }, 
    "model": "auth.permission"
},
{
    "pk": 40, 
    "fields": {
        "codename": "add_filtersql", 
        "content_type": 14, 
        "name": "Can add filter sql"
    }, 
    "model": "auth.permission"
},
{
    "pk": 41, 
    "fields": {
        "codename": "change_filtersql", 
        "content_type": 14, 
        "name": "Can change filter sql"
    }, 
    "model": "auth.permission"
},
{
    "pk": 42, 
    "fields": {
        "codename": "delete_filtersql", 
        "content_type": 14, 
        "name": "Can delete filter sql"
    }, 
    "model": "auth.permission"
},
{
    "pk": 1, 
    "fields": {
        "first_name": "", 
        "password": "pbkdf2_sha256$12000$CEByEK8osv7n$3WXBziglOUrc84UoZuCWG6OHtP/7Kci2soxR24D45/g=", 
        "is_staff": true, 
        "last_login": "2014-04-22T05:49:56Z", 
        "is_active": true, 
        "email": "", 
        "last_name": "", 
        "username": "admin", 
        "date_joined": "2014-04-22T05:49:56Z", 
        "groups": [], 
        "user_permissions": [], 
        "is_superuser": true
    }, 
    "model": "auth.user"
}
]
