[
{
    "pk": 1, 
    "model": "contenttypes.contenttype", 
    "fields": {
        "model": "logentry", 
        "name": "log entry", 
        "app_label": "admin"
    }
},
{
    "pk": 2, 
    "model": "contenttypes.contenttype", 
    "fields": {
        "model": "permission", 
        "name": "permission", 
        "app_label": "auth"
    }
},
{
    "pk": 3, 
    "model": "contenttypes.contenttype", 
    "fields": {
        "model": "group", 
        "name": "group", 
        "app_label": "auth"
    }
},
{
    "pk": 4, 
    "model": "contenttypes.contenttype", 
    "fields": {
        "model": "user", 
        "name": "user", 
        "app_label": "auth"
    }
},
{
    "pk": 5, 
    "model": "contenttypes.contenttype", 
    "fields": {
        "model": "contenttype", 
        "name": "content type", 
        "app_label": "contenttypes"
    }
},
{
    "pk": 6, 
    "model": "contenttypes.contenttype", 
    "fields": {
        "model": "session", 
        "name": "session", 
        "app_label": "sessions"
    }
},
{
    "pk": 7, 
    "model": "contenttypes.contenttype", 
    "fields": {
        "model": "type", 
        "name": "type", 
        "app_label": "ozio"
    }
},
{
    "pk": 8, 
    "model": "contenttypes.contenttype", 
    "fields": {
        "model": "cate", 
        "name": "cate", 
        "app_label": "ozio"
    }
},
{
    "pk": 9, 
    "model": "contenttypes.contenttype", 
    "fields": {
        "model": "subcate", 
        "name": "sub cate", 
        "app_label": "ozio"
    }
},
{
    "pk": 10, 
    "model": "contenttypes.contenttype", 
    "fields": {
        "model": "keyword", 
        "name": "keyword", 
        "app_label": "ozio"
    }
},
{
    "pk": 11, 
    "model": "contenttypes.contenttype", 
    "fields": {
        "model": "sourcefile", 
        "name": "source file", 
        "app_label": "ozio"
    }
},
{
    "pk": 12, 
    "model": "contenttypes.contenttype", 
    "fields": {
        "model": "transaction", 
        "name": "transaction", 
        "app_label": "ozio"
    }
},
{
    "pk": 13, 
    "model": "contenttypes.contenttype", 
    "fields": {
        "model": "transactionfilter", 
        "name": "transaction filter", 
        "app_label": "ozio"
    }
},
{
    "pk": 14, 
    "model": "contenttypes.contenttype", 
    "fields": {
        "model": "filtersql", 
        "name": "filter sql", 
        "app_label": "ozio"
    }
},
{
    "pk": "mrqqnc8e5yh5zwprb1769tf7aafwl1d4", 
    "model": "sessions.session", 
    "fields": {
        "expire_date": "2014-05-06T05:50:17Z", 
        "session_data": "YTFmYjM4YTMwMGJhYTdhMjczOTkzMTRlNWQyMzY4YjM3YjI3YjM3NDp7fQ=="
    }
},
{
    "pk": 1, 
    "model": "ozio.type", 
    "fields": {
        "type": "Off Balance", 
        "description": "Off Balance Expense", 
        "span_days": 0
    }
},
{
    "pk": 2, 
    "model": "ozio.type", 
    "fields": {
        "type": "One Off", 
        "description": "One Off Expense", 
        "span_days": 0
    }
},
{
    "pk": 3, 
    "model": "ozio.type", 
    "fields": {
        "type": "Annual", 
        "description": "Annual Expense", 
        "span_days": 365
    }
},
{
    "pk": 4, 
    "model": "ozio.type", 
    "fields": {
        "type": "Monthly", 
        "description": "Monthly Expense", 
        "span_days": 30
    }
},
{
    "pk": 5, 
    "model": "ozio.type", 
    "fields": {
        "type": "Income", 
        "description": "Salary, Interest, etc.", 
        "span_days": 0
    }
},
{
    "pk": 1, 
    "model": "ozio.cate", 
    "fields": {
        "cate": "Living", 
        "description": "Must Spent To Stay Alive"
    }
},
{
    "pk": 2, 
    "model": "ozio.cate", 
    "fields": {
        "cate": "Luxury", 
        "description": "Enjoy living"
    }
},
{
    "pk": 3, 
    "model": "ozio.cate", 
    "fields": {
        "cate": "Properties", 
        "description": "Something last very long"
    }
},
{
    "pk": 4, 
    "model": "ozio.cate", 
    "fields": {
        "cate": "Off Balance", 
        "description": "Off Balance Expense, e.g. internal transfer"
    }
},
{
    "pk": 5, 
    "model": "ozio.cate", 
    "fields": {
        "cate": "Income", 
        "description": "Salary, Interest, etc."
    }
},
{
    "pk": 6, 
    "model": "ozio.cate", 
    "fields": {
        "cate": "Leisure", 
        "description": "Spent for enjoying life"
    }
},
{
    "pk": 1, 
    "model": "ozio.subcate", 
    "fields": {
        "sub_cate": "Food & Drink", 
        "cate": 1, 
        "description": ""
    }
},
{
    "pk": 2, 
    "model": "ozio.subcate", 
    "fields": {
        "sub_cate": "Clothes & Shoes", 
        "cate": 1, 
        "description": ""
    }
},
{
    "pk": 3, 
    "model": "ozio.subcate", 
    "fields": {
        "sub_cate": "Wine", 
        "cate": 2, 
        "description": ""
    }
},
{
    "pk": 4, 
    "model": "ozio.subcate", 
    "fields": {
        "sub_cate": "Car", 
        "cate": 3, 
        "description": ""
    }
},
{
    "pk": 5, 
    "model": "ozio.subcate", 
    "fields": {
        "sub_cate": "Houseware", 
        "cate": 1, 
        "description": ""
    }
},
{
    "pk": 6, 
    "model": "ozio.subcate", 
    "fields": {
        "sub_cate": "N/A", 
        "cate": 4, 
        "description": ""
    }
},
{
    "pk": 7, 
    "model": "ozio.subcate", 
    "fields": {
        "sub_cate": "Mobile", 
        "cate": 1, 
        "description": "Mobile Phone"
    }
},
{
    "pk": 8, 
    "model": "ozio.subcate", 
    "fields": {
        "sub_cate": "Transport", 
        "cate": 1, 
        "description": "Train, Bus, Petrol, Toll Road, etc."
    }
},
{
    "pk": 9, 
    "model": "ozio.subcate", 
    "fields": {
        "sub_cate": "Cash Out", 
        "cate": 4, 
        "description": "Cash Out should be recorded manually"
    }
},
{
    "pk": 10, 
    "model": "ozio.subcate", 
    "fields": {
        "sub_cate": "Body Care", 
        "cate": 1, 
        "description": "Shower Gel, Shampoo, etc."
    }
},
{
    "pk": 11, 
    "model": "ozio.subcate", 
    "fields": {
        "sub_cate": "Credit Interest", 
        "cate": 5, 
        "description": ""
    }
},
{
    "pk": 12, 
    "model": "ozio.subcate", 
    "fields": {
        "sub_cate": "Salary", 
        "cate": 5, 
        "description": ""
    }
},
{
    "pk": 13, 
    "model": "ozio.subcate", 
    "fields": {
        "sub_cate": "Tax", 
        "cate": 1, 
        "description": ""
    }
},
{
    "pk": 14, 
    "model": "ozio.subcate", 
    "fields": {
        "sub_cate": "Home Rent", 
        "cate": 1, 
        "description": ""
    }
},
{
    "pk": 15, 
    "model": "ozio.subcate", 
    "fields": {
        "sub_cate": "Insurance", 
        "cate": 1, 
        "description": "Car, Life Insurance, etc."
    }
},
{
    "pk": 16, 
    "model": "ozio.subcate", 
    "fields": {
        "sub_cate": "RMB", 
        "cate": 4, 
        "description": "Money from China"
    }
},
{
    "pk": 17, 
    "model": "ozio.subcate", 
    "fields": {
        "sub_cate": "Travel", 
        "cate": 6, 
        "description": ""
    }
},
{
    "pk": 18, 
    "model": "ozio.subcate", 
    "fields": {
        "sub_cate": "Leisure:Food & Drink", 
        "cate": 6, 
        "description": ""
    }
},
{
    "pk": 1, 
    "model": "ozio.keyword", 
    "fields": {
        "sub_cate": 1, 
        "description": "", 
        "keyword": "COLES", 
        "priority": 4, 
        "type": 2, 
        "cate": 1
    }
},
{
    "pk": 2, 
    "model": "ozio.keyword", 
    "fields": {
        "sub_cate": 1, 
        "description": "", 
        "keyword": "WOOLWORTHS", 
        "priority": 4, 
        "type": 2, 
        "cate": 1
    }
},
{
    "pk": 3, 
    "model": "ozio.keyword", 
    "fields": {
        "sub_cate": 5, 
        "description": "", 
        "keyword": "KMART", 
        "priority": 4, 
        "type": 2, 
        "cate": 1
    }
},
{
    "pk": 4, 
    "model": "ozio.keyword", 
    "fields": {
        "sub_cate": 5, 
        "description": "", 
        "keyword": "TARGET", 
        "priority": 4, 
        "type": 2, 
        "cate": 1
    }
},
{
    "pk": 5, 
    "model": "ozio.keyword", 
    "fields": {
        "sub_cate": 6, 
        "description": "Internal Money Transfer", 
        "keyword": "INTERNALS", 
        "priority": 10, 
        "type": 1, 
        "cate": 4
    }
},
{
    "pk": 6, 
    "model": "ozio.keyword", 
    "fields": {
        "sub_cate": 2, 
        "description": "", 
        "keyword": "NEW BALANCE", 
        "priority": 4, 
        "type": 2, 
        "cate": 1
    }
},
{
    "pk": 7, 
    "model": "ozio.keyword", 
    "fields": {
        "sub_cate": 6, 
        "description": "Internal", 
        "keyword": "TRANSFER TO XX4978", 
        "priority": 4, 
        "type": 1, 
        "cate": 4
    }
},
{
    "pk": 8, 
    "model": "ozio.keyword", 
    "fields": {
        "sub_cate": 6, 
        "description": "Internal", 
        "keyword": "TRANSFER FROM XX4978", 
        "priority": 4, 
        "type": 1, 
        "cate": 4
    }
},
{
    "pk": 9, 
    "model": "ozio.keyword", 
    "fields": {
        "sub_cate": 6, 
        "description": "Internal", 
        "keyword": "TRANSFER FROM XX8088", 
        "priority": 4, 
        "type": 1, 
        "cate": 4
    }
},
{
    "pk": 10, 
    "model": "ozio.keyword", 
    "fields": {
        "sub_cate": 6, 
        "description": "Internal", 
        "keyword": "TRANSFER TO XX8088", 
        "priority": 4, 
        "type": 1, 
        "cate": 4
    }
},
{
    "pk": 11, 
    "model": "ozio.keyword", 
    "fields": {
        "sub_cate": 6, 
        "description": "Internal", 
        "keyword": "TRANSFER TO XX8096", 
        "priority": 4, 
        "type": 1, 
        "cate": 4
    }
},
{
    "pk": 12, 
    "model": "ozio.keyword", 
    "fields": {
        "sub_cate": 6, 
        "description": "Internal", 
        "keyword": "TRANSFER FROM XX8096", 
        "priority": 4, 
        "type": 1, 
        "cate": 4
    }
},
{
    "pk": 13, 
    "model": "ozio.keyword", 
    "fields": {
        "sub_cate": 7, 
        "description": "", 
        "keyword": "VODAFONE", 
        "priority": 4, 
        "type": 4, 
        "cate": 1
    }
},
{
    "pk": 14, 
    "model": "ozio.keyword", 
    "fields": {
        "sub_cate": 9, 
        "description": "", 
        "keyword": "CASH OUT", 
        "priority": 10, 
        "type": 1, 
        "cate": 4
    }
},
{
    "pk": 15, 
    "model": "ozio.keyword", 
    "fields": {
        "sub_cate": 8, 
        "description": "", 
        "keyword": "HANDYWAY RAIL", 
        "priority": 4, 
        "type": 2, 
        "cate": 1
    }
},
{
    "pk": 16, 
    "model": "ozio.keyword", 
    "fields": {
        "sub_cate": 5, 
        "description": "", 
        "keyword": "DAISO", 
        "priority": 4, 
        "type": 2, 
        "cate": 1
    }
},
{
    "pk": 17, 
    "model": "ozio.keyword", 
    "fields": {
        "sub_cate": 5, 
        "description": "", 
        "keyword": "PAYPAL", 
        "priority": 4, 
        "type": 2, 
        "cate": 1
    }
},
{
    "pk": 18, 
    "model": "ozio.keyword", 
    "fields": {
        "sub_cate": 1, 
        "description": "", 
        "keyword": "TONG LI", 
        "priority": 4, 
        "type": 2, 
        "cate": 1
    }
},
{
    "pk": 19, 
    "model": "ozio.keyword", 
    "fields": {
        "sub_cate": 3, 
        "description": "", 
        "keyword": "MR LIQUOR", 
        "priority": 4, 
        "type": 2, 
        "cate": 2
    }
},
{
    "pk": 20, 
    "model": "ozio.keyword", 
    "fields": {
        "sub_cate": 5, 
        "description": "", 
        "keyword": "BUNNINGS", 
        "priority": 4, 
        "type": 2, 
        "cate": 1
    }
},
{
    "pk": 21, 
    "model": "ozio.keyword", 
    "fields": {
        "sub_cate": 6, 
        "description": "Internal", 
        "keyword": "TRANSFER TO XX7456", 
        "priority": 10, 
        "type": 1, 
        "cate": 4
    }
},
{
    "pk": 22, 
    "model": "ozio.keyword", 
    "fields": {
        "sub_cate": 6, 
        "description": "Internal", 
        "keyword": "TRANSFER FROM XX7456", 
        "priority": 10, 
        "type": 1, 
        "cate": 4
    }
},
{
    "pk": 23, 
    "model": "ozio.keyword", 
    "fields": {
        "sub_cate": 1, 
        "description": "Vegi Store at Burwood Westfield", 
        "keyword": "SOUQ FRESH", 
        "priority": 4, 
        "type": 2, 
        "cate": 1
    }
},
{
    "pk": 24, 
    "model": "ozio.keyword", 
    "fields": {
        "sub_cate": 2, 
        "description": "", 
        "keyword": "COTTON ON", 
        "priority": 4, 
        "type": 2, 
        "cate": 1
    }
},
{
    "pk": 25, 
    "model": "ozio.keyword", 
    "fields": {
        "sub_cate": 7, 
        "description": "", 
        "keyword": "TELSTRA", 
        "priority": 4, 
        "type": 4, 
        "cate": 1
    }
},
{
    "pk": 26, 
    "model": "ozio.keyword", 
    "fields": {
        "sub_cate": 10, 
        "description": "", 
        "keyword": "CHEMIST WAREHOUSE", 
        "priority": 4, 
        "type": 2, 
        "cate": 1
    }
},
{
    "pk": 27, 
    "model": "ozio.keyword", 
    "fields": {
        "sub_cate": 11, 
        "description": "", 
        "keyword": "CREDIT INTEREST", 
        "priority": 10, 
        "type": 5, 
        "cate": 5
    }
},
{
    "pk": 28, 
    "model": "ozio.keyword", 
    "fields": {
        "sub_cate": 5, 
        "description": "", 
        "keyword": "HOME AND KITCHEN", 
        "priority": 4, 
        "type": 2, 
        "cate": 1
    }
},
{
    "pk": 29, 
    "model": "ozio.keyword", 
    "fields": {
        "sub_cate": 8, 
        "description": "", 
        "keyword": "PETROL", 
        "priority": 4, 
        "type": 2, 
        "cate": 1
    }
},
{
    "pk": 30, 
    "model": "ozio.keyword", 
    "fields": {
        "sub_cate": 1, 
        "description": "", 
        "keyword": "COUNTRY GROWERS", 
        "priority": 4, 
        "type": 2, 
        "cate": 1
    }
},
{
    "pk": 31, 
    "model": "ozio.keyword", 
    "fields": {
        "sub_cate": 6, 
        "description": "Internal", 
        "keyword": "FROM A/C XX8088", 
        "priority": 10, 
        "type": 1, 
        "cate": 4
    }
},
{
    "pk": 32, 
    "model": "ozio.keyword", 
    "fields": {
        "sub_cate": 6, 
        "description": "Internal", 
        "keyword": "TO A/C XX8088", 
        "priority": 10, 
        "type": 1, 
        "cate": 4
    }
},
{
    "pk": 33, 
    "model": "ozio.keyword", 
    "fields": {
        "sub_cate": 6, 
        "description": "Internal", 
        "keyword": "FROM A/C XX4978", 
        "priority": 10, 
        "type": 1, 
        "cate": 4
    }
},
{
    "pk": 34, 
    "model": "ozio.keyword", 
    "fields": {
        "sub_cate": 6, 
        "description": "Internal", 
        "keyword": "TO A/C XX4978", 
        "priority": 10, 
        "type": 1, 
        "cate": 4
    }
},
{
    "pk": 35, 
    "model": "ozio.keyword", 
    "fields": {
        "sub_cate": 8, 
        "description": "", 
        "keyword": "SYDNEY TRAINS", 
        "priority": 4, 
        "type": 2, 
        "cate": 1
    }
},
{
    "pk": 36, 
    "model": "ozio.keyword", 
    "fields": {
        "sub_cate": 1, 
        "description": "", 
        "keyword": "SUBWAY SANDWICHES", 
        "priority": 4, 
        "type": 2, 
        "cate": 1
    }
},
{
    "pk": 37, 
    "model": "ozio.keyword", 
    "fields": {
        "sub_cate": 9, 
        "description": "ATM Withdraw", 
        "keyword": "WDL ATM CBA ATM", 
        "priority": 10, 
        "type": 1, 
        "cate": 4
    }
},
{
    "pk": 38, 
    "model": "ozio.keyword", 
    "fields": {
        "sub_cate": 4, 
        "description": "Mazda 3 - Bank Check", 
        "keyword": "WDL BRANCH 116 BURWOOD RD", 
        "priority": 10, 
        "type": 2, 
        "cate": 3
    }
},
{
    "pk": 39, 
    "model": "ozio.keyword", 
    "fields": {
        "sub_cate": 4, 
        "description": "Mazda 3 - 1000 Bond", 
        "keyword": "ROCKDALE MAZDA ARNCLIFFE NS AUS CARD XX1940", 
        "priority": 10, 
        "type": 2, 
        "cate": 3
    }
},
{
    "pk": 40, 
    "model": "ozio.keyword", 
    "fields": {
        "sub_cate": 6, 
        "description": "Internal", 
        "keyword": "TRANSFER FROM XX4986", 
        "priority": 10, 
        "type": 1, 
        "cate": 4
    }
},
{
    "pk": 41, 
    "model": "ozio.keyword", 
    "fields": {
        "sub_cate": 13, 
        "description": "Tax applied to interest before TFN", 
        "keyword": "TFN WITHHOLDING TAX", 
        "priority": 4, 
        "type": 2, 
        "cate": 1
    }
},
{
    "pk": 42, 
    "model": "ozio.keyword", 
    "fields": {
        "sub_cate": 1, 
        "description": "", 
        "keyword": "TONGLI SUPER", 
        "priority": 4, 
        "type": 2, 
        "cate": 1
    }
},
{
    "pk": 43, 
    "model": "ozio.keyword", 
    "fields": {
        "sub_cate": 14, 
        "description": "", 
        "keyword": "RENT FEE", 
        "priority": 4, 
        "type": 2, 
        "cate": 1
    }
},
{
    "pk": 44, 
    "model": "ozio.keyword", 
    "fields": {
        "sub_cate": 3, 
        "description": "", 
        "keyword": "TEMPUS TWO", 
        "priority": 4, 
        "type": 2, 
        "cate": 2
    }
},
{
    "pk": 45, 
    "model": "ozio.keyword", 
    "fields": {
        "sub_cate": 6, 
        "description": "Internal", 
        "keyword": "FROM A/C XX7456", 
        "priority": 10, 
        "type": 1, 
        "cate": 4
    }
},
{
    "pk": 46, 
    "model": "ozio.keyword", 
    "fields": {
        "sub_cate": 6, 
        "description": "Internal", 
        "keyword": "TO A/C XX7456", 
        "priority": 10, 
        "type": 1, 
        "cate": 4
    }
},
{
    "pk": 47, 
    "model": "ozio.keyword", 
    "fields": {
        "sub_cate": 6, 
        "description": "Internal", 
        "keyword": "FROM A/C XX4986", 
        "priority": 10, 
        "type": 1, 
        "cate": 4
    }
},
{
    "pk": 48, 
    "model": "ozio.keyword", 
    "fields": {
        "sub_cate": 6, 
        "description": "Internal", 
        "keyword": "TO A/C XX4986", 
        "priority": 10, 
        "type": 1, 
        "cate": 4
    }
},
{
    "pk": 49, 
    "model": "ozio.keyword", 
    "fields": {
        "sub_cate": 8, 
        "description": "", 
        "keyword": "PARKING", 
        "priority": 4, 
        "type": 2, 
        "cate": 1
    }
},
{
    "pk": 50, 
    "model": "ozio.keyword", 
    "fields": {
        "sub_cate": 1, 
        "description": "", 
        "keyword": "LUNCH FEE", 
        "priority": 4, 
        "type": 2, 
        "cate": 1
    }
},
{
    "pk": 51, 
    "model": "ozio.keyword", 
    "fields": {
        "sub_cate": 2, 
        "description": "Auburn Outlet", 
        "keyword": "MD AUBURN 132 AUBURN NS", 
        "priority": 4, 
        "type": 2, 
        "cate": 1
    }
},
{
    "pk": 52, 
    "model": "ozio.keyword", 
    "fields": {
        "sub_cate": 5, 
        "description": "Korean Store at Lidcombe", 
        "keyword": "HANSANG TRADING", 
        "priority": 4, 
        "type": 2, 
        "cate": 1
    }
},
{
    "pk": 53, 
    "model": "ozio.keyword", 
    "fields": {
        "sub_cate": 15, 
        "description": "NRMA", 
        "keyword": "N R M A", 
        "priority": 4, 
        "type": 3, 
        "cate": 1
    }
},
{
    "pk": 54, 
    "model": "ozio.keyword", 
    "fields": {
        "sub_cate": 6, 
        "description": "Internal", 
        "keyword": "TRANSFER TO XX4986", 
        "priority": 10, 
        "type": 1, 
        "cate": 4
    }
},
{
    "pk": 55, 
    "model": "ozio.keyword", 
    "fields": {
        "sub_cate": 8, 
        "description": "CRC-License Translation", 
        "keyword": "COMMUNITY RELATIONS", 
        "priority": 4, 
        "type": 2, 
        "cate": 1
    }
},
{
    "pk": 56, 
    "model": "ozio.keyword", 
    "fields": {
        "sub_cate": 3, 
        "description": "Wine Store at Strathfield", 
        "keyword": "CELLARBRATIONS", 
        "priority": 4, 
        "type": 2, 
        "cate": 2
    }
},
{
    "pk": 57, 
    "model": "ozio.keyword", 
    "fields": {
        "sub_cate": 5, 
        "description": "", 
        "keyword": "DAVID JONES", 
        "priority": 4, 
        "type": 2, 
        "cate": 1
    }
},
{
    "pk": 58, 
    "model": "ozio.keyword", 
    "fields": {
        "sub_cate": 5, 
        "description": "Houseware Store at BikenHead Point", 
        "keyword": "HANDYWAY WORLD KITC", 
        "priority": 4, 
        "type": 2, 
        "cate": 1
    }
},
{
    "pk": 59, 
    "model": "ozio.keyword", 
    "fields": {
        "sub_cate": 8, 
        "description": "E-TOLL", 
        "keyword": "ETOLLRTB", 
        "priority": 4, 
        "type": 2, 
        "cate": 1
    }
},
{
    "pk": 60, 
    "model": "ozio.keyword", 
    "fields": {
        "sub_cate": 8, 
        "description": "RTA related. licensing, etc.", 
        "keyword": "RTA", 
        "priority": 4, 
        "type": 2, 
        "cate": 1
    }
},
{
    "pk": 61, 
    "model": "ozio.keyword", 
    "fields": {
        "sub_cate": 8, 
        "description": "OPAL", 
        "keyword": "TRANSPORT FOR NSW", 
        "priority": 4, 
        "type": 2, 
        "cate": 1
    }
},
{
    "pk": 62, 
    "model": "ozio.keyword", 
    "fields": {
        "sub_cate": 5, 
        "description": "", 
        "keyword": "DICK SMITH", 
        "priority": 4, 
        "type": 2, 
        "cate": 1
    }
},
{
    "pk": 63, 
    "model": "ozio.keyword", 
    "fields": {
        "sub_cate": 2, 
        "description": "", 
        "keyword": "REBEL SPORT", 
        "priority": 4, 
        "type": 2, 
        "cate": 1
    }
},
{
    "pk": 64, 
    "model": "ozio.keyword", 
    "fields": {
        "sub_cate": 16, 
        "description": "Money from China", 
        "keyword": "LIVING EXPENSE", 
        "priority": 10, 
        "type": 1, 
        "cate": 4
    }
},
{
    "pk": 65, 
    "model": "ozio.keyword", 
    "fields": {
        "sub_cate": 16, 
        "description": "Money from UK Account", 
        "keyword": "MR WENZHEN HE REF 131120011759", 
        "priority": 10, 
        "type": 1, 
        "cate": 4
    }
},
{
    "pk": 66, 
    "model": "ozio.keyword", 
    "fields": {
        "sub_cate": 16, 
        "description": "Money from China", 
        "keyword": "WENZHEN REF: CASH DEPOSIT CBA ATM STRATHFIELD A NSW 225601 AUS", 
        "priority": 10, 
        "type": 1, 
        "cate": 4
    }
},
{
    "pk": 69, 
    "model": "ozio.keyword", 
    "fields": {
        "sub_cate": 1, 
        "description": "Manual Input Food", 
        "keyword": "GENERAL FOOD", 
        "priority": 5, 
        "type": 2, 
        "cate": 1
    }
},
{
    "pk": 70, 
    "model": "ozio.keyword", 
    "fields": {
        "sub_cate": 18, 
        "description": "Fish Market Seafood", 
        "keyword": "SEAFOOD BUYFOOD", 
        "priority": 4, 
        "type": 2, 
        "cate": 6
    }
},
{
    "pk": 71, 
    "model": "ozio.keyword", 
    "fields": {
        "sub_cate": 8, 
        "description": "Manual Input Transport", 
        "keyword": "GENERAL TRANSPORT", 
        "priority": 5, 
        "type": 2, 
        "cate": 1
    }
},
{
    "pk": 72, 
    "model": "ozio.keyword", 
    "fields": {
        "sub_cate": 18, 
        "description": "Manual Input Social", 
        "keyword": "GENERAL SOCIAL", 
        "priority": 5, 
        "type": 2, 
        "cate": 6
    }
},
{
    "pk": 73, 
    "model": "ozio.keyword", 
    "fields": {
        "sub_cate": 17, 
        "description": "Manual Input Travel", 
        "keyword": "GENERAL TRAVEL", 
        "priority": 5, 
        "type": 2, 
        "cate": 6
    }
},
{
    "pk": 74, 
    "model": "ozio.keyword", 
    "fields": {
        "sub_cate": 8, 
        "description": "Manual Input Driving Lesson", 
        "keyword": "DRIVING LESSON", 
        "priority": 5, 
        "type": 2, 
        "cate": 1
    }
},
{
    "pk": 1, 
    "model": "ozio.transactionfilter", 
    "fields": {
        "description": "Cash outflow that logged in the system", 
        "filter_name": "Cash Expense Logged"
    }
},
{
    "pk": 2, 
    "model": "ozio.transactionfilter", 
    "fields": {
        "description": "Cash from ATM or Cashout or oversee ", 
        "filter_name": "Cash In Hand"
    }
},
{
    "pk": 3, 
    "model": "ozio.transactionfilter", 
    "fields": {
        "description": "Filters for the Monthly View Bar Chart at OZIO.home", 
        "filter_name": "Bar Chart - MonthlyView"
    }
},
{
    "pk": 1, 
    "model": "ozio.filtersql", 
    "fields": {
        "filter": 1, 
        "filter_sql": "source_file__file_name__icontains = 'Cash_OutFlow'", 
        "filter_type": "filter"
    }
},
{
    "pk": 2, 
    "model": "ozio.filtersql", 
    "fields": {
        "filter": 2, 
        "filter_sql": "keyword__sub_cate__sub_cate__exact = 'Cash Out'", 
        "filter_type": "filter"
    }
},
{
    "pk": 3, 
    "model": "ozio.filtersql", 
    "fields": {
        "filter": 3, 
        "filter_sql": "keyword__type__type = 'Off Balance'", 
        "filter_type": "exclude"
    }
},
{
    "pk": 4, 
    "model": "ozio.filtersql", 
    "fields": {
        "filter": 3, 
        "filter_sql": "keyword__type__type = 'Income'", 
        "filter_type": "exclude"
    }
},
{
    "pk": 5, 
    "model": "ozio.filtersql", 
    "fields": {
        "filter": 3, 
        "filter_sql": "keyword__cate__cate = 'Properties'", 
        "filter_type": "exclude"
    }
},
{
    "pk": 6, 
    "model": "ozio.filtersql", 
    "fields": {
        "filter": 3, 
        "filter_sql": "keyword__cate__cate = 'Off Balance'", 
        "filter_type": "exclude"
    }
},
{
    "pk": 1, 
    "model": "auth.permission", 
    "fields": {
        "codename": "add_logentry", 
        "name": "Can add log entry", 
        "content_type": 1
    }
},
{
    "pk": 2, 
    "model": "auth.permission", 
    "fields": {
        "codename": "change_logentry", 
        "name": "Can change log entry", 
        "content_type": 1
    }
},
{
    "pk": 3, 
    "model": "auth.permission", 
    "fields": {
        "codename": "delete_logentry", 
        "name": "Can delete log entry", 
        "content_type": 1
    }
},
{
    "pk": 4, 
    "model": "auth.permission", 
    "fields": {
        "codename": "add_permission", 
        "name": "Can add permission", 
        "content_type": 2
    }
},
{
    "pk": 5, 
    "model": "auth.permission", 
    "fields": {
        "codename": "change_permission", 
        "name": "Can change permission", 
        "content_type": 2
    }
},
{
    "pk": 6, 
    "model": "auth.permission", 
    "fields": {
        "codename": "delete_permission", 
        "name": "Can delete permission", 
        "content_type": 2
    }
},
{
    "pk": 7, 
    "model": "auth.permission", 
    "fields": {
        "codename": "add_group", 
        "name": "Can add group", 
        "content_type": 3
    }
},
{
    "pk": 8, 
    "model": "auth.permission", 
    "fields": {
        "codename": "change_group", 
        "name": "Can change group", 
        "content_type": 3
    }
},
{
    "pk": 9, 
    "model": "auth.permission", 
    "fields": {
        "codename": "delete_group", 
        "name": "Can delete group", 
        "content_type": 3
    }
},
{
    "pk": 10, 
    "model": "auth.permission", 
    "fields": {
        "codename": "add_user", 
        "name": "Can add user", 
        "content_type": 4
    }
},
{
    "pk": 11, 
    "model": "auth.permission", 
    "fields": {
        "codename": "change_user", 
        "name": "Can change user", 
        "content_type": 4
    }
},
{
    "pk": 12, 
    "model": "auth.permission", 
    "fields": {
        "codename": "delete_user", 
        "name": "Can delete user", 
        "content_type": 4
    }
},
{
    "pk": 13, 
    "model": "auth.permission", 
    "fields": {
        "codename": "add_contenttype", 
        "name": "Can add content type", 
        "content_type": 5
    }
},
{
    "pk": 14, 
    "model": "auth.permission", 
    "fields": {
        "codename": "change_contenttype", 
        "name": "Can change content type", 
        "content_type": 5
    }
},
{
    "pk": 15, 
    "model": "auth.permission", 
    "fields": {
        "codename": "delete_contenttype", 
        "name": "Can delete content type", 
        "content_type": 5
    }
},
{
    "pk": 16, 
    "model": "auth.permission", 
    "fields": {
        "codename": "add_session", 
        "name": "Can add session", 
        "content_type": 6
    }
},
{
    "pk": 17, 
    "model": "auth.permission", 
    "fields": {
        "codename": "change_session", 
        "name": "Can change session", 
        "content_type": 6
    }
},
{
    "pk": 18, 
    "model": "auth.permission", 
    "fields": {
        "codename": "delete_session", 
        "name": "Can delete session", 
        "content_type": 6
    }
},
{
    "pk": 19, 
    "model": "auth.permission", 
    "fields": {
        "codename": "add_type", 
        "name": "Can add type", 
        "content_type": 7
    }
},
{
    "pk": 20, 
    "model": "auth.permission", 
    "fields": {
        "codename": "change_type", 
        "name": "Can change type", 
        "content_type": 7
    }
},
{
    "pk": 21, 
    "model": "auth.permission", 
    "fields": {
        "codename": "delete_type", 
        "name": "Can delete type", 
        "content_type": 7
    }
},
{
    "pk": 22, 
    "model": "auth.permission", 
    "fields": {
        "codename": "add_cate", 
        "name": "Can add cate", 
        "content_type": 8
    }
},
{
    "pk": 23, 
    "model": "auth.permission", 
    "fields": {
        "codename": "change_cate", 
        "name": "Can change cate", 
        "content_type": 8
    }
},
{
    "pk": 24, 
    "model": "auth.permission", 
    "fields": {
        "codename": "delete_cate", 
        "name": "Can delete cate", 
        "content_type": 8
    }
},
{
    "pk": 25, 
    "model": "auth.permission", 
    "fields": {
        "codename": "add_subcate", 
        "name": "Can add sub cate", 
        "content_type": 9
    }
},
{
    "pk": 26, 
    "model": "auth.permission", 
    "fields": {
        "codename": "change_subcate", 
        "name": "Can change sub cate", 
        "content_type": 9
    }
},
{
    "pk": 27, 
    "model": "auth.permission", 
    "fields": {
        "codename": "delete_subcate", 
        "name": "Can delete sub cate", 
        "content_type": 9
    }
},
{
    "pk": 28, 
    "model": "auth.permission", 
    "fields": {
        "codename": "add_keyword", 
        "name": "Can add keyword", 
        "content_type": 10
    }
},
{
    "pk": 29, 
    "model": "auth.permission", 
    "fields": {
        "codename": "change_keyword", 
        "name": "Can change keyword", 
        "content_type": 10
    }
},
{
    "pk": 30, 
    "model": "auth.permission", 
    "fields": {
        "codename": "delete_keyword", 
        "name": "Can delete keyword", 
        "content_type": 10
    }
},
{
    "pk": 31, 
    "model": "auth.permission", 
    "fields": {
        "codename": "add_sourcefile", 
        "name": "Can add source file", 
        "content_type": 11
    }
},
{
    "pk": 32, 
    "model": "auth.permission", 
    "fields": {
        "codename": "change_sourcefile", 
        "name": "Can change source file", 
        "content_type": 11
    }
},
{
    "pk": 33, 
    "model": "auth.permission", 
    "fields": {
        "codename": "delete_sourcefile", 
        "name": "Can delete source file", 
        "content_type": 11
    }
},
{
    "pk": 34, 
    "model": "auth.permission", 
    "fields": {
        "codename": "add_transaction", 
        "name": "Can add transaction", 
        "content_type": 12
    }
},
{
    "pk": 35, 
    "model": "auth.permission", 
    "fields": {
        "codename": "change_transaction", 
        "name": "Can change transaction", 
        "content_type": 12
    }
},
{
    "pk": 36, 
    "model": "auth.permission", 
    "fields": {
        "codename": "delete_transaction", 
        "name": "Can delete transaction", 
        "content_type": 12
    }
},
{
    "pk": 37, 
    "model": "auth.permission", 
    "fields": {
        "codename": "add_transactionfilter", 
        "name": "Can add transaction filter", 
        "content_type": 13
    }
},
{
    "pk": 38, 
    "model": "auth.permission", 
    "fields": {
        "codename": "change_transactionfilter", 
        "name": "Can change transaction filter", 
        "content_type": 13
    }
},
{
    "pk": 39, 
    "model": "auth.permission", 
    "fields": {
        "codename": "delete_transactionfilter", 
        "name": "Can delete transaction filter", 
        "content_type": 13
    }
},
{
    "pk": 40, 
    "model": "auth.permission", 
    "fields": {
        "codename": "add_filtersql", 
        "name": "Can add filter sql", 
        "content_type": 14
    }
},
{
    "pk": 41, 
    "model": "auth.permission", 
    "fields": {
        "codename": "change_filtersql", 
        "name": "Can change filter sql", 
        "content_type": 14
    }
},
{
    "pk": 42, 
    "model": "auth.permission", 
    "fields": {
        "codename": "delete_filtersql", 
        "name": "Can delete filter sql", 
        "content_type": 14
    }
},
{
    "pk": 1, 
    "model": "auth.user", 
    "fields": {
        "username": "admin", 
        "last_name": "", 
        "email": "", 
        "password": "pbkdf2_sha256$12000$CEByEK8osv7n$3WXBziglOUrc84UoZuCWG6OHtP/7Kci2soxR24D45/g=", 
        "is_superuser": true, 
        "last_login": "2014-04-22T05:49:56Z", 
        "is_active": true, 
        "groups": [], 
        "date_joined": "2014-04-22T05:49:56Z", 
        "user_permissions": [], 
        "first_name": "", 
        "is_staff": true
    }
}
]
