[
{
    "pk": 1, 
    "fields": {
        "name": "log entry", 
        "app_label": "admin", 
        "model": "logentry"
    }, 
    "model": "contenttypes.contenttype"
},
{
    "pk": 2, 
    "fields": {
        "name": "permission", 
        "app_label": "auth", 
        "model": "permission"
    }, 
    "model": "contenttypes.contenttype"
},
{
    "pk": 3, 
    "fields": {
        "name": "group", 
        "app_label": "auth", 
        "model": "group"
    }, 
    "model": "contenttypes.contenttype"
},
{
    "pk": 4, 
    "fields": {
        "name": "user", 
        "app_label": "auth", 
        "model": "user"
    }, 
    "model": "contenttypes.contenttype"
},
{
    "pk": 5, 
    "fields": {
        "name": "content type", 
        "app_label": "contenttypes", 
        "model": "contenttype"
    }, 
    "model": "contenttypes.contenttype"
},
{
    "pk": 6, 
    "fields": {
        "name": "session", 
        "app_label": "sessions", 
        "model": "session"
    }, 
    "model": "contenttypes.contenttype"
},
{
    "pk": 7, 
    "fields": {
        "name": "type", 
        "app_label": "ozio", 
        "model": "type"
    }, 
    "model": "contenttypes.contenttype"
},
{
    "pk": 8, 
    "fields": {
        "name": "cate", 
        "app_label": "ozio", 
        "model": "cate"
    }, 
    "model": "contenttypes.contenttype"
},
{
    "pk": 9, 
    "fields": {
        "name": "sub cate", 
        "app_label": "ozio", 
        "model": "subcate"
    }, 
    "model": "contenttypes.contenttype"
},
{
    "pk": 10, 
    "fields": {
        "name": "keyword", 
        "app_label": "ozio", 
        "model": "keyword"
    }, 
    "model": "contenttypes.contenttype"
},
{
    "pk": 11, 
    "fields": {
        "name": "source file", 
        "app_label": "ozio", 
        "model": "sourcefile"
    }, 
    "model": "contenttypes.contenttype"
},
{
    "pk": 12, 
    "fields": {
        "name": "transaction", 
        "app_label": "ozio", 
        "model": "transaction"
    }, 
    "model": "contenttypes.contenttype"
},
{
    "pk": 13, 
    "fields": {
        "name": "transaction filter", 
        "app_label": "ozio", 
        "model": "transactionfilter"
    }, 
    "model": "contenttypes.contenttype"
},
{
    "pk": 14, 
    "fields": {
        "name": "filter sql", 
        "app_label": "ozio", 
        "model": "filtersql"
    }, 
    "model": "contenttypes.contenttype"
},
{
    "pk": "mrqqnc8e5yh5zwprb1769tf7aafwl1d4", 
    "fields": {
        "session_data": "YTFmYjM4YTMwMGJhYTdhMjczOTkzMTRlNWQyMzY4YjM3YjI3YjM3NDp7fQ==", 
        "expire_date": "2014-05-06T05:50:17Z"
    }, 
    "model": "sessions.session"
},
{
    "pk": 1, 
    "fields": {
        "span_months": 1, 
        "type": "Off Balance", 
        "description": "Off Balance Expense"
    }, 
    "model": "ozio.type"
},
{
    "pk": 2, 
    "fields": {
        "span_months": 1, 
        "type": "One Off", 
        "description": "One Off Expense"
    }, 
    "model": "ozio.type"
},
{
    "pk": 3, 
    "fields": {
        "span_months": 12, 
        "type": "Annual", 
        "description": "Annual Expense"
    }, 
    "model": "ozio.type"
},
{
    "pk": 4, 
    "fields": {
        "span_months": 3, 
        "type": "Quarterly", 
        "description": "Quarterly Expense"
    }, 
    "model": "ozio.type"
},
{
    "pk": 5, 
    "fields": {
        "span_months": 1, 
        "type": "Income", 
        "description": "Salary, Interest, etc."
    }, 
    "model": "ozio.type"
},
{
    "pk": 1, 
    "fields": {
        "cate": "Living", 
        "description": "Must Spent To Stay Alive"
    }, 
    "model": "ozio.cate"
},
{
    "pk": 2, 
    "fields": {
        "cate": "Luxury", 
        "description": "Enjoy living"
    }, 
    "model": "ozio.cate"
},
{
    "pk": 3, 
    "fields": {
        "cate": "Properties", 
        "description": "Something last very long"
    }, 
    "model": "ozio.cate"
},
{
    "pk": 4, 
    "fields": {
        "cate": "Off Balance", 
        "description": "Off Balance Expense, e.g. internal transfer"
    }, 
    "model": "ozio.cate"
},
{
    "pk": 5, 
    "fields": {
        "cate": "Income", 
        "description": "Salary, Interest, etc."
    }, 
    "model": "ozio.cate"
},
{
    "pk": 6, 
    "fields": {
        "cate": "Leisure", 
        "description": "Spent for enjoying life"
    }, 
    "model": "ozio.cate"
},
{
    "pk": 7, 
    "fields": {
        "cate": "N/A", 
        "description": "For span transactions"
    }, 
    "model": "ozio.cate"
},
{
    "pk": 1, 
    "fields": {
        "cate": 1, 
        "sub_cate": "Food & Drink", 
        "description": ""
    }, 
    "model": "ozio.subcate"
},
{
    "pk": 2, 
    "fields": {
        "cate": 1, 
        "sub_cate": "Clothes & Shoes", 
        "description": ""
    }, 
    "model": "ozio.subcate"
},
{
    "pk": 3, 
    "fields": {
        "cate": 2, 
        "sub_cate": "Wine", 
        "description": ""
    }, 
    "model": "ozio.subcate"
},
{
    "pk": 4, 
    "fields": {
        "cate": 3, 
        "sub_cate": "Car", 
        "description": ""
    }, 
    "model": "ozio.subcate"
},
{
    "pk": 5, 
    "fields": {
        "cate": 1, 
        "sub_cate": "Houseware", 
        "description": ""
    }, 
    "model": "ozio.subcate"
},
{
    "pk": 6, 
    "fields": {
        "cate": 4, 
        "sub_cate": "N/A", 
        "description": ""
    }, 
    "model": "ozio.subcate"
},
{
    "pk": 7, 
    "fields": {
        "cate": 1, 
        "sub_cate": "Mobile", 
        "description": "Mobile Phone"
    }, 
    "model": "ozio.subcate"
},
{
    "pk": 8, 
    "fields": {
        "cate": 1, 
        "sub_cate": "Transport", 
        "description": "Train, Bus, Petrol, Toll Road, etc."
    }, 
    "model": "ozio.subcate"
},
{
    "pk": 9, 
    "fields": {
        "cate": 4, 
        "sub_cate": "Cash Out", 
        "description": "Cash Out should be recorded manually"
    }, 
    "model": "ozio.subcate"
},
{
    "pk": 10, 
    "fields": {
        "cate": 1, 
        "sub_cate": "Body Care", 
        "description": "Shower Gel, Shampoo, etc."
    }, 
    "model": "ozio.subcate"
},
{
    "pk": 11, 
    "fields": {
        "cate": 5, 
        "sub_cate": "Credit Interest", 
        "description": ""
    }, 
    "model": "ozio.subcate"
},
{
    "pk": 12, 
    "fields": {
        "cate": 5, 
        "sub_cate": "Salary", 
        "description": ""
    }, 
    "model": "ozio.subcate"
},
{
    "pk": 13, 
    "fields": {
        "cate": 1, 
        "sub_cate": "Tax", 
        "description": ""
    }, 
    "model": "ozio.subcate"
},
{
    "pk": 14, 
    "fields": {
        "cate": 1, 
        "sub_cate": "Home Rent", 
        "description": ""
    }, 
    "model": "ozio.subcate"
},
{
    "pk": 15, 
    "fields": {
        "cate": 1, 
        "sub_cate": "Insurance", 
        "description": "Car, Life Insurance, etc."
    }, 
    "model": "ozio.subcate"
},
{
    "pk": 16, 
    "fields": {
        "cate": 4, 
        "sub_cate": "RMB", 
        "description": "Money from China"
    }, 
    "model": "ozio.subcate"
},
{
    "pk": 17, 
    "fields": {
        "cate": 6, 
        "sub_cate": "Travel", 
        "description": ""
    }, 
    "model": "ozio.subcate"
},
{
    "pk": 18, 
    "fields": {
        "cate": 6, 
        "sub_cate": "Leisure:Food & Drink", 
        "description": ""
    }, 
    "model": "ozio.subcate"
},
{
    "pk": 19, 
    "fields": {
        "cate": 7, 
        "sub_cate": "N/A,N/A", 
        "description": ""
    }, 
    "model": "ozio.subcate"
},
{
    "pk": 1, 
    "fields": {
        "cate": 1, 
        "sub_cate": 1, 
        "type": 2, 
        "priority": 4, 
        "description": "", 
        "keyword": "COLES"
    }, 
    "model": "ozio.keyword"
},
{
    "pk": 2, 
    "fields": {
        "cate": 1, 
        "sub_cate": 1, 
        "type": 2, 
        "priority": 4, 
        "description": "", 
        "keyword": "WOOLWORTHS"
    }, 
    "model": "ozio.keyword"
},
{
    "pk": 3, 
    "fields": {
        "cate": 1, 
        "sub_cate": 5, 
        "type": 2, 
        "priority": 4, 
        "description": "", 
        "keyword": "KMART"
    }, 
    "model": "ozio.keyword"
},
{
    "pk": 4, 
    "fields": {
        "cate": 1, 
        "sub_cate": 5, 
        "type": 2, 
        "priority": 4, 
        "description": "", 
        "keyword": "TARGET"
    }, 
    "model": "ozio.keyword"
},
{
    "pk": 5, 
    "fields": {
        "cate": 4, 
        "sub_cate": 6, 
        "type": 1, 
        "priority": 10, 
        "description": "Internal Money Transfer", 
        "keyword": "INTERNALS"
    }, 
    "model": "ozio.keyword"
},
{
    "pk": 6, 
    "fields": {
        "cate": 1, 
        "sub_cate": 2, 
        "type": 2, 
        "priority": 4, 
        "description": "", 
        "keyword": "NEW BALANCE"
    }, 
    "model": "ozio.keyword"
},
{
    "pk": 7, 
    "fields": {
        "cate": 4, 
        "sub_cate": 6, 
        "type": 1, 
        "priority": 4, 
        "description": "Internal", 
        "keyword": "TRANSFER TO XX4978"
    }, 
    "model": "ozio.keyword"
},
{
    "pk": 8, 
    "fields": {
        "cate": 4, 
        "sub_cate": 6, 
        "type": 1, 
        "priority": 4, 
        "description": "Internal", 
        "keyword": "TRANSFER FROM XX4978"
    }, 
    "model": "ozio.keyword"
},
{
    "pk": 9, 
    "fields": {
        "cate": 4, 
        "sub_cate": 6, 
        "type": 1, 
        "priority": 4, 
        "description": "Internal", 
        "keyword": "TRANSFER FROM XX8088"
    }, 
    "model": "ozio.keyword"
},
{
    "pk": 10, 
    "fields": {
        "cate": 4, 
        "sub_cate": 6, 
        "type": 1, 
        "priority": 4, 
        "description": "Internal", 
        "keyword": "TRANSFER TO XX8088"
    }, 
    "model": "ozio.keyword"
},
{
    "pk": 11, 
    "fields": {
        "cate": 4, 
        "sub_cate": 6, 
        "type": 1, 
        "priority": 4, 
        "description": "Internal", 
        "keyword": "TRANSFER TO XX8096"
    }, 
    "model": "ozio.keyword"
},
{
    "pk": 12, 
    "fields": {
        "cate": 4, 
        "sub_cate": 6, 
        "type": 1, 
        "priority": 4, 
        "description": "Internal", 
        "keyword": "TRANSFER FROM XX8096"
    }, 
    "model": "ozio.keyword"
},
{
    "pk": 13, 
    "fields": {
        "cate": 1, 
        "sub_cate": 7, 
        "type": 2, 
        "priority": 4, 
        "description": "", 
        "keyword": "VODAFONE"
    }, 
    "model": "ozio.keyword"
},
{
    "pk": 14, 
    "fields": {
        "cate": 4, 
        "sub_cate": 9, 
        "type": 1, 
        "priority": 10, 
        "description": "", 
        "keyword": "CASH OUT"
    }, 
    "model": "ozio.keyword"
},
{
    "pk": 15, 
    "fields": {
        "cate": 1, 
        "sub_cate": 8, 
        "type": 2, 
        "priority": 4, 
        "description": "", 
        "keyword": "HANDYWAY RAIL"
    }, 
    "model": "ozio.keyword"
},
{
    "pk": 16, 
    "fields": {
        "cate": 1, 
        "sub_cate": 5, 
        "type": 2, 
        "priority": 4, 
        "description": "", 
        "keyword": "DAISO"
    }, 
    "model": "ozio.keyword"
},
{
    "pk": 17, 
    "fields": {
        "cate": 1, 
        "sub_cate": 5, 
        "type": 2, 
        "priority": 4, 
        "description": "", 
        "keyword": "PAYPAL"
    }, 
    "model": "ozio.keyword"
},
{
    "pk": 18, 
    "fields": {
        "cate": 1, 
        "sub_cate": 1, 
        "type": 2, 
        "priority": 4, 
        "description": "", 
        "keyword": "TONG LI"
    }, 
    "model": "ozio.keyword"
},
{
    "pk": 19, 
    "fields": {
        "cate": 2, 
        "sub_cate": 3, 
        "type": 2, 
        "priority": 4, 
        "description": "", 
        "keyword": "MR LIQUOR"
    }, 
    "model": "ozio.keyword"
},
{
    "pk": 20, 
    "fields": {
        "cate": 1, 
        "sub_cate": 5, 
        "type": 2, 
        "priority": 4, 
        "description": "", 
        "keyword": "BUNNINGS"
    }, 
    "model": "ozio.keyword"
},
{
    "pk": 21, 
    "fields": {
        "cate": 4, 
        "sub_cate": 6, 
        "type": 1, 
        "priority": 10, 
        "description": "Internal", 
        "keyword": "TRANSFER TO XX7456"
    }, 
    "model": "ozio.keyword"
},
{
    "pk": 22, 
    "fields": {
        "cate": 4, 
        "sub_cate": 6, 
        "type": 1, 
        "priority": 10, 
        "description": "Internal", 
        "keyword": "TRANSFER FROM XX7456"
    }, 
    "model": "ozio.keyword"
},
{
    "pk": 23, 
    "fields": {
        "cate": 1, 
        "sub_cate": 1, 
        "type": 2, 
        "priority": 4, 
        "description": "Vegi Store at Burwood Westfield", 
        "keyword": "SOUQ FRESH"
    }, 
    "model": "ozio.keyword"
},
{
    "pk": 24, 
    "fields": {
        "cate": 1, 
        "sub_cate": 2, 
        "type": 2, 
        "priority": 4, 
        "description": "", 
        "keyword": "COTTON ON"
    }, 
    "model": "ozio.keyword"
},
{
    "pk": 25, 
    "fields": {
        "cate": 1, 
        "sub_cate": 7, 
        "type": 2, 
        "priority": 4, 
        "description": "", 
        "keyword": "TELSTRA"
    }, 
    "model": "ozio.keyword"
},
{
    "pk": 26, 
    "fields": {
        "cate": 1, 
        "sub_cate": 10, 
        "type": 2, 
        "priority": 4, 
        "description": "", 
        "keyword": "CHEMIST WAREHOUSE"
    }, 
    "model": "ozio.keyword"
},
{
    "pk": 27, 
    "fields": {
        "cate": 5, 
        "sub_cate": 11, 
        "type": 5, 
        "priority": 10, 
        "description": "", 
        "keyword": "CREDIT INTEREST"
    }, 
    "model": "ozio.keyword"
},
{
    "pk": 28, 
    "fields": {
        "cate": 1, 
        "sub_cate": 5, 
        "type": 2, 
        "priority": 4, 
        "description": "", 
        "keyword": "HOME AND KITCHEN"
    }, 
    "model": "ozio.keyword"
},
{
    "pk": 29, 
    "fields": {
        "cate": 1, 
        "sub_cate": 8, 
        "type": 2, 
        "priority": 4, 
        "description": "", 
        "keyword": "PETROL"
    }, 
    "model": "ozio.keyword"
},
{
    "pk": 30, 
    "fields": {
        "cate": 1, 
        "sub_cate": 1, 
        "type": 2, 
        "priority": 4, 
        "description": "", 
        "keyword": "COUNTRY GROWERS"
    }, 
    "model": "ozio.keyword"
},
{
    "pk": 31, 
    "fields": {
        "cate": 4, 
        "sub_cate": 6, 
        "type": 1, 
        "priority": 10, 
        "description": "Internal", 
        "keyword": "FROM A/C XX8088"
    }, 
    "model": "ozio.keyword"
},
{
    "pk": 32, 
    "fields": {
        "cate": 4, 
        "sub_cate": 6, 
        "type": 1, 
        "priority": 10, 
        "description": "Internal", 
        "keyword": "TO A/C XX8088"
    }, 
    "model": "ozio.keyword"
},
{
    "pk": 33, 
    "fields": {
        "cate": 4, 
        "sub_cate": 6, 
        "type": 1, 
        "priority": 10, 
        "description": "Internal", 
        "keyword": "FROM A/C XX4978"
    }, 
    "model": "ozio.keyword"
},
{
    "pk": 34, 
    "fields": {
        "cate": 4, 
        "sub_cate": 6, 
        "type": 1, 
        "priority": 10, 
        "description": "Internal", 
        "keyword": "TO A/C XX4978"
    }, 
    "model": "ozio.keyword"
},
{
    "pk": 35, 
    "fields": {
        "cate": 1, 
        "sub_cate": 8, 
        "type": 2, 
        "priority": 4, 
        "description": "", 
        "keyword": "SYDNEY TRAINS"
    }, 
    "model": "ozio.keyword"
},
{
    "pk": 36, 
    "fields": {
        "cate": 1, 
        "sub_cate": 1, 
        "type": 2, 
        "priority": 4, 
        "description": "", 
        "keyword": "SUBWAY SANDWICHES"
    }, 
    "model": "ozio.keyword"
},
{
    "pk": 37, 
    "fields": {
        "cate": 4, 
        "sub_cate": 9, 
        "type": 1, 
        "priority": 10, 
        "description": "ATM Withdraw", 
        "keyword": "WDL ATM CBA ATM"
    }, 
    "model": "ozio.keyword"
},
{
    "pk": 38, 
    "fields": {
        "cate": 3, 
        "sub_cate": 4, 
        "type": 2, 
        "priority": 10, 
        "description": "Mazda 3 - Bank Check", 
        "keyword": "WDL BRANCH 116 BURWOOD RD"
    }, 
    "model": "ozio.keyword"
},
{
    "pk": 39, 
    "fields": {
        "cate": 3, 
        "sub_cate": 4, 
        "type": 2, 
        "priority": 10, 
        "description": "Mazda 3 - 1000 Bond", 
        "keyword": "ROCKDALE MAZDA ARNCLIFFE NS AUS CARD XX1940"
    }, 
    "model": "ozio.keyword"
},
{
    "pk": 40, 
    "fields": {
        "cate": 4, 
        "sub_cate": 6, 
        "type": 1, 
        "priority": 10, 
        "description": "Internal", 
        "keyword": "TRANSFER FROM XX4986"
    }, 
    "model": "ozio.keyword"
},
{
    "pk": 41, 
    "fields": {
        "cate": 1, 
        "sub_cate": 13, 
        "type": 2, 
        "priority": 4, 
        "description": "Tax applied to interest before TFN", 
        "keyword": "TFN WITHHOLDING TAX"
    }, 
    "model": "ozio.keyword"
},
{
    "pk": 42, 
    "fields": {
        "cate": 1, 
        "sub_cate": 1, 
        "type": 2, 
        "priority": 4, 
        "description": "", 
        "keyword": "TONGLI SUPER"
    }, 
    "model": "ozio.keyword"
},
{
    "pk": 43, 
    "fields": {
        "cate": 1, 
        "sub_cate": 14, 
        "type": 2, 
        "priority": 4, 
        "description": "", 
        "keyword": "RENT FEE"
    }, 
    "model": "ozio.keyword"
},
{
    "pk": 44, 
    "fields": {
        "cate": 2, 
        "sub_cate": 3, 
        "type": 2, 
        "priority": 4, 
        "description": "", 
        "keyword": "TEMPUS TWO"
    }, 
    "model": "ozio.keyword"
},
{
    "pk": 45, 
    "fields": {
        "cate": 4, 
        "sub_cate": 6, 
        "type": 1, 
        "priority": 10, 
        "description": "Internal", 
        "keyword": "FROM A/C XX7456"
    }, 
    "model": "ozio.keyword"
},
{
    "pk": 46, 
    "fields": {
        "cate": 4, 
        "sub_cate": 6, 
        "type": 1, 
        "priority": 10, 
        "description": "Internal", 
        "keyword": "TO A/C XX7456"
    }, 
    "model": "ozio.keyword"
},
{
    "pk": 47, 
    "fields": {
        "cate": 4, 
        "sub_cate": 6, 
        "type": 1, 
        "priority": 10, 
        "description": "Internal", 
        "keyword": "FROM A/C XX4986"
    }, 
    "model": "ozio.keyword"
},
{
    "pk": 48, 
    "fields": {
        "cate": 4, 
        "sub_cate": 6, 
        "type": 1, 
        "priority": 10, 
        "description": "Internal", 
        "keyword": "TO A/C XX4986"
    }, 
    "model": "ozio.keyword"
},
{
    "pk": 49, 
    "fields": {
        "cate": 1, 
        "sub_cate": 8, 
        "type": 2, 
        "priority": 4, 
        "description": "", 
        "keyword": "PARKING"
    }, 
    "model": "ozio.keyword"
},
{
    "pk": 50, 
    "fields": {
        "cate": 1, 
        "sub_cate": 1, 
        "type": 2, 
        "priority": 4, 
        "description": "", 
        "keyword": "LUNCH FEE"
    }, 
    "model": "ozio.keyword"
},
{
    "pk": 51, 
    "fields": {
        "cate": 1, 
        "sub_cate": 2, 
        "type": 2, 
        "priority": 4, 
        "description": "Auburn Outlet", 
        "keyword": "MD AUBURN 132 AUBURN NS"
    }, 
    "model": "ozio.keyword"
},
{
    "pk": 52, 
    "fields": {
        "cate": 1, 
        "sub_cate": 5, 
        "type": 2, 
        "priority": 4, 
        "description": "Korean Store at Lidcombe", 
        "keyword": "HANSANG TRADING"
    }, 
    "model": "ozio.keyword"
},
{
    "pk": 53, 
    "fields": {
        "cate": 1, 
        "sub_cate": 15, 
        "type": 3, 
        "priority": 4, 
        "description": "NRMA", 
        "keyword": "N R M A"
    }, 
    "model": "ozio.keyword"
},
{
    "pk": 54, 
    "fields": {
        "cate": 4, 
        "sub_cate": 6, 
        "type": 1, 
        "priority": 10, 
        "description": "Internal", 
        "keyword": "TRANSFER TO XX4986"
    }, 
    "model": "ozio.keyword"
},
{
    "pk": 55, 
    "fields": {
        "cate": 1, 
        "sub_cate": 8, 
        "type": 2, 
        "priority": 4, 
        "description": "CRC-License Translation", 
        "keyword": "COMMUNITY RELATIONS"
    }, 
    "model": "ozio.keyword"
},
{
    "pk": 56, 
    "fields": {
        "cate": 2, 
        "sub_cate": 3, 
        "type": 2, 
        "priority": 4, 
        "description": "Wine Store at Strathfield", 
        "keyword": "CELLARBRATIONS"
    }, 
    "model": "ozio.keyword"
},
{
    "pk": 57, 
    "fields": {
        "cate": 1, 
        "sub_cate": 5, 
        "type": 2, 
        "priority": 4, 
        "description": "", 
        "keyword": "DAVID JONES"
    }, 
    "model": "ozio.keyword"
},
{
    "pk": 58, 
    "fields": {
        "cate": 1, 
        "sub_cate": 5, 
        "type": 2, 
        "priority": 4, 
        "description": "Houseware Store at BikenHead Point", 
        "keyword": "HANDYWAY WORLD KITC"
    }, 
    "model": "ozio.keyword"
},
{
    "pk": 59, 
    "fields": {
        "cate": 1, 
        "sub_cate": 8, 
        "type": 2, 
        "priority": 4, 
        "description": "E-TOLL", 
        "keyword": "ETOLLRTB"
    }, 
    "model": "ozio.keyword"
},
{
    "pk": 60, 
    "fields": {
        "cate": 1, 
        "sub_cate": 8, 
        "type": 2, 
        "priority": 4, 
        "description": "RTA related. licensing, etc.", 
        "keyword": "RTA"
    }, 
    "model": "ozio.keyword"
},
{
    "pk": 61, 
    "fields": {
        "cate": 1, 
        "sub_cate": 8, 
        "type": 2, 
        "priority": 4, 
        "description": "OPAL", 
        "keyword": "TRANSPORT FOR NSW"
    }, 
    "model": "ozio.keyword"
},
{
    "pk": 62, 
    "fields": {
        "cate": 1, 
        "sub_cate": 5, 
        "type": 2, 
        "priority": 4, 
        "description": "", 
        "keyword": "DICK SMITH"
    }, 
    "model": "ozio.keyword"
},
{
    "pk": 63, 
    "fields": {
        "cate": 1, 
        "sub_cate": 2, 
        "type": 2, 
        "priority": 4, 
        "description": "", 
        "keyword": "REBEL SPORT"
    }, 
    "model": "ozio.keyword"
},
{
    "pk": 64, 
    "fields": {
        "cate": 4, 
        "sub_cate": 16, 
        "type": 1, 
        "priority": 10, 
        "description": "Money from China", 
        "keyword": "LIVING EXPENSE"
    }, 
    "model": "ozio.keyword"
},
{
    "pk": 65, 
    "fields": {
        "cate": 4, 
        "sub_cate": 16, 
        "type": 1, 
        "priority": 10, 
        "description": "Money from UK Account", 
        "keyword": "MR WENZHEN HE REF 131120011759"
    }, 
    "model": "ozio.keyword"
},
{
    "pk": 66, 
    "fields": {
        "cate": 4, 
        "sub_cate": 16, 
        "type": 1, 
        "priority": 10, 
        "description": "Money from China", 
        "keyword": "WENZHEN REF: CASH DEPOSIT CBA ATM STRATHFIELD A NSW 225601 AUS"
    }, 
    "model": "ozio.keyword"
},
{
    "pk": 67, 
    "fields": {
        "cate": 1, 
        "sub_cate": 8, 
        "type": 2, 
        "priority": 5, 
        "description": "Manual Input Driving Lesson", 
        "keyword": "DRIVING LESSON"
    }, 
    "model": "ozio.keyword"
},
{
    "pk": 68, 
    "fields": {
        "cate": 1, 
        "sub_cate": 5, 
        "type": 2, 
        "priority": 5, 
        "description": "Manual Input Houseware", 
        "keyword": "GENERAL HOUSEWARE"
    }, 
    "model": "ozio.keyword"
},
{
    "pk": 69, 
    "fields": {
        "cate": 1, 
        "sub_cate": 1, 
        "type": 2, 
        "priority": 5, 
        "description": "Manual Input Food & Drink", 
        "keyword": "GENERAL FOOD"
    }, 
    "model": "ozio.keyword"
},
{
    "pk": 70, 
    "fields": {
        "cate": 6, 
        "sub_cate": 18, 
        "type": 2, 
        "priority": 4, 
        "description": "Fish Market Seafood", 
        "keyword": "SEAFOOD BUYFOOD"
    }, 
    "model": "ozio.keyword"
},
{
    "pk": 71, 
    "fields": {
        "cate": 1, 
        "sub_cate": 8, 
        "type": 2, 
        "priority": 5, 
        "description": "Manual Input Transport", 
        "keyword": "GENERAL TRANSPORT"
    }, 
    "model": "ozio.keyword"
},
{
    "pk": 72, 
    "fields": {
        "cate": 6, 
        "sub_cate": 18, 
        "type": 2, 
        "priority": 5, 
        "description": "Manual Input Social", 
        "keyword": "GENERAL SOCIAL"
    }, 
    "model": "ozio.keyword"
},
{
    "pk": 73, 
    "fields": {
        "cate": 6, 
        "sub_cate": 17, 
        "type": 2, 
        "priority": 5, 
        "description": "Manual Input Travel", 
        "keyword": "GENERAL TRAVEL"
    }, 
    "model": "ozio.keyword"
},
{
    "pk": 74, 
    "fields": {
        "cate": 7, 
        "sub_cate": 19, 
        "type": 1, 
        "priority": 100, 
        "description": "For splitted span transactions, NOT for regular mapping", 
        "keyword": "SPLITTED SPAN TRANSACTIONS"
    }, 
    "model": "ozio.keyword"
},
{
    "pk": 1, 
    "fields": {
        "filter_name": "Cash Expense Logged", 
        "description": "Cash outflow that logged in the system"
    }, 
    "model": "ozio.transactionfilter"
},
{
    "pk": 2, 
    "fields": {
        "filter_name": "Cash In Hand", 
        "description": "Cash from ATM or Cashout or oversee "
    }, 
    "model": "ozio.transactionfilter"
},
{
    "pk": 3, 
    "fields": {
        "filter_name": "Bar Chart - MonthlyView", 
        "description": "Filters for the Monthly View Bar Chart at OZIO.home"
    }, 
    "model": "ozio.transactionfilter"
},
{
    "pk": 4, 
    "fields": {
        "filter_name": "Mix Chart - MonthlyBalance", 
        "description": "Monthly Income/Expense Bar Chart + Balance Line Chart"
    }, 
    "model": "ozio.transactionfilter"
},
{
    "pk": 5, 
    "fields": {
        "filter_name": "Mix Chart - MonthlyBalance - Income", 
        "description": "Income portion of MonthlyBalance"
    }, 
    "model": "ozio.transactionfilter"
},
{
    "pk": 6, 
    "fields": {
        "filter_name": "Mix Chart - MonthlyBalance - Expense", 
        "description": "Expense portion of MonthlyBalance"
    }, 
    "model": "ozio.transactionfilter"
},
{
    "pk": 1, 
    "fields": {
        "filter_sql": "source_file__file_name__icontains = 'Cash_OutFlow'", 
        "filter_onoff": "enabled", 
        "filter_status": "pending", 
        "filter": 1, 
        "filter_type": "filter"
    }, 
    "model": "ozio.filtersql"
},
{
    "pk": 2, 
    "fields": {
        "filter_sql": "keyword__sub_cate__sub_cate__exact = 'Cash Out'", 
        "filter_onoff": "enabled", 
        "filter_status": "pending", 
        "filter": 2, 
        "filter_type": "filter"
    }, 
    "model": "ozio.filtersql"
},
{
    "pk": 3, 
    "fields": {
        "filter_sql": "keyword__type__type = 'Off Balance'", 
        "filter_onoff": "enabled", 
        "filter_status": "pending", 
        "filter": 3, 
        "filter_type": "exclude"
    }, 
    "model": "ozio.filtersql"
},
{
    "pk": 4, 
    "fields": {
        "filter_sql": "keyword__type__type = 'Income'", 
        "filter_onoff": "enabled", 
        "filter_status": "pending", 
        "filter": 3, 
        "filter_type": "exclude"
    }, 
    "model": "ozio.filtersql"
},
{
    "pk": 5, 
    "fields": {
        "filter_sql": "keyword__cate__cate = 'Properties'", 
        "filter_onoff": "enabled", 
        "filter_status": "pending", 
        "filter": 3, 
        "filter_type": "exclude"
    }, 
    "model": "ozio.filtersql"
},
{
    "pk": 6, 
    "fields": {
        "filter_sql": "keyword__cate__cate = 'Off Balance'", 
        "filter_onoff": "enabled", 
        "filter_status": "pending", 
        "filter": 3, 
        "filter_type": "exclude"
    }, 
    "model": "ozio.filtersql"
},
{
    "pk": 7, 
    "fields": {
        "filter_sql": "keyword__isnull = True", 
        "filter_onoff": "enabled", 
        "filter_status": "pending", 
        "filter": 3, 
        "filter_type": "exclude"
    }, 
    "model": "ozio.filtersql"
},
{
    "pk": 8, 
    "fields": {
        "filter_sql": "date__gt = date.today()", 
        "filter_onoff": "enabled", 
        "filter_status": "pending", 
        "filter": 3, 
        "filter_type": "exclude"
    }, 
    "model": "ozio.filtersql"
},
{
    "pk": 9, 
    "fields": {
        "filter_sql": "date__gt = date.today()", 
        "filter_onoff": "enabled", 
        "filter_status": "pending", 
        "filter": 4, 
        "filter_type": "exclude"
    }, 
    "model": "ozio.filtersql"
},
{
    "pk": 10, 
    "fields": {
        "filter_sql": "keyword__sub_cate__sub_cate__exact = 'Cash Out'", 
        "filter_onoff": "enabled", 
        "filter_status": "pending", 
        "filter": 4, 
        "filter_type": "exclude"
    }, 
    "model": "ozio.filtersql"
},
{
    "pk": 11, 
    "fields": {
        "filter_sql": "Q(keyword__cate__cate__exact = 'Off Balance') & Q(keyword__sub_cate__sub_cate__exact = 'N/A')", 
        "filter_onoff": "enabled", 
        "filter_status": "pending", 
        "filter": 4, 
        "filter_type": "exclude"
    }, 
    "model": "ozio.filtersql"
},
{
    "pk": 12, 
    "fields": {
        "filter_sql": "Q(keyword__type__type__exact = 'Income') | Q(keyword__sub_cate__sub_cate__exact = 'RMB')", 
        "filter_onoff": "enabled", 
        "filter_status": "pending", 
        "filter": 5, 
        "filter_type": "filter"
    }, 
    "model": "ozio.filtersql"
},
{
    "pk": 13, 
    "fields": {
        "filter_sql": "Q(keyword__type__type__exact = 'Income') | Q(keyword__sub_cate__sub_cate__exact = 'RMB')", 
        "filter_onoff": "enabled", 
        "filter_status": "pending", 
        "filter": 6, 
        "filter_type": "exclude"
    }, 
    "model": "ozio.filtersql"
},
{
    "pk": 14, 
    "fields": {
        "filter_sql": "keyword__isnull = True", 
        "filter_onoff": "enabled", 
        "filter_status": "pending", 
        "filter": 4, 
        "filter_type": "exclude"
    }, 
    "model": "ozio.filtersql"
},
{
    "pk": 1, 
    "fields": {
        "name": "Can add log entry", 
        "codename": "add_logentry", 
        "content_type": 1
    }, 
    "model": "auth.permission"
},
{
    "pk": 2, 
    "fields": {
        "name": "Can change log entry", 
        "codename": "change_logentry", 
        "content_type": 1
    }, 
    "model": "auth.permission"
},
{
    "pk": 3, 
    "fields": {
        "name": "Can delete log entry", 
        "codename": "delete_logentry", 
        "content_type": 1
    }, 
    "model": "auth.permission"
},
{
    "pk": 4, 
    "fields": {
        "name": "Can add permission", 
        "codename": "add_permission", 
        "content_type": 2
    }, 
    "model": "auth.permission"
},
{
    "pk": 5, 
    "fields": {
        "name": "Can change permission", 
        "codename": "change_permission", 
        "content_type": 2
    }, 
    "model": "auth.permission"
},
{
    "pk": 6, 
    "fields": {
        "name": "Can delete permission", 
        "codename": "delete_permission", 
        "content_type": 2
    }, 
    "model": "auth.permission"
},
{
    "pk": 7, 
    "fields": {
        "name": "Can add group", 
        "codename": "add_group", 
        "content_type": 3
    }, 
    "model": "auth.permission"
},
{
    "pk": 8, 
    "fields": {
        "name": "Can change group", 
        "codename": "change_group", 
        "content_type": 3
    }, 
    "model": "auth.permission"
},
{
    "pk": 9, 
    "fields": {
        "name": "Can delete group", 
        "codename": "delete_group", 
        "content_type": 3
    }, 
    "model": "auth.permission"
},
{
    "pk": 10, 
    "fields": {
        "name": "Can add user", 
        "codename": "add_user", 
        "content_type": 4
    }, 
    "model": "auth.permission"
},
{
    "pk": 11, 
    "fields": {
        "name": "Can change user", 
        "codename": "change_user", 
        "content_type": 4
    }, 
    "model": "auth.permission"
},
{
    "pk": 12, 
    "fields": {
        "name": "Can delete user", 
        "codename": "delete_user", 
        "content_type": 4
    }, 
    "model": "auth.permission"
},
{
    "pk": 13, 
    "fields": {
        "name": "Can add content type", 
        "codename": "add_contenttype", 
        "content_type": 5
    }, 
    "model": "auth.permission"
},
{
    "pk": 14, 
    "fields": {
        "name": "Can change content type", 
        "codename": "change_contenttype", 
        "content_type": 5
    }, 
    "model": "auth.permission"
},
{
    "pk": 15, 
    "fields": {
        "name": "Can delete content type", 
        "codename": "delete_contenttype", 
        "content_type": 5
    }, 
    "model": "auth.permission"
},
{
    "pk": 16, 
    "fields": {
        "name": "Can add session", 
        "codename": "add_session", 
        "content_type": 6
    }, 
    "model": "auth.permission"
},
{
    "pk": 17, 
    "fields": {
        "name": "Can change session", 
        "codename": "change_session", 
        "content_type": 6
    }, 
    "model": "auth.permission"
},
{
    "pk": 18, 
    "fields": {
        "name": "Can delete session", 
        "codename": "delete_session", 
        "content_type": 6
    }, 
    "model": "auth.permission"
},
{
    "pk": 19, 
    "fields": {
        "name": "Can add type", 
        "codename": "add_type", 
        "content_type": 7
    }, 
    "model": "auth.permission"
},
{
    "pk": 20, 
    "fields": {
        "name": "Can change type", 
        "codename": "change_type", 
        "content_type": 7
    }, 
    "model": "auth.permission"
},
{
    "pk": 21, 
    "fields": {
        "name": "Can delete type", 
        "codename": "delete_type", 
        "content_type": 7
    }, 
    "model": "auth.permission"
},
{
    "pk": 22, 
    "fields": {
        "name": "Can add cate", 
        "codename": "add_cate", 
        "content_type": 8
    }, 
    "model": "auth.permission"
},
{
    "pk": 23, 
    "fields": {
        "name": "Can change cate", 
        "codename": "change_cate", 
        "content_type": 8
    }, 
    "model": "auth.permission"
},
{
    "pk": 24, 
    "fields": {
        "name": "Can delete cate", 
        "codename": "delete_cate", 
        "content_type": 8
    }, 
    "model": "auth.permission"
},
{
    "pk": 25, 
    "fields": {
        "name": "Can add sub cate", 
        "codename": "add_subcate", 
        "content_type": 9
    }, 
    "model": "auth.permission"
},
{
    "pk": 26, 
    "fields": {
        "name": "Can change sub cate", 
        "codename": "change_subcate", 
        "content_type": 9
    }, 
    "model": "auth.permission"
},
{
    "pk": 27, 
    "fields": {
        "name": "Can delete sub cate", 
        "codename": "delete_subcate", 
        "content_type": 9
    }, 
    "model": "auth.permission"
},
{
    "pk": 28, 
    "fields": {
        "name": "Can add keyword", 
        "codename": "add_keyword", 
        "content_type": 10
    }, 
    "model": "auth.permission"
},
{
    "pk": 29, 
    "fields": {
        "name": "Can change keyword", 
        "codename": "change_keyword", 
        "content_type": 10
    }, 
    "model": "auth.permission"
},
{
    "pk": 30, 
    "fields": {
        "name": "Can delete keyword", 
        "codename": "delete_keyword", 
        "content_type": 10
    }, 
    "model": "auth.permission"
},
{
    "pk": 31, 
    "fields": {
        "name": "Can add source file", 
        "codename": "add_sourcefile", 
        "content_type": 11
    }, 
    "model": "auth.permission"
},
{
    "pk": 32, 
    "fields": {
        "name": "Can change source file", 
        "codename": "change_sourcefile", 
        "content_type": 11
    }, 
    "model": "auth.permission"
},
{
    "pk": 33, 
    "fields": {
        "name": "Can delete source file", 
        "codename": "delete_sourcefile", 
        "content_type": 11
    }, 
    "model": "auth.permission"
},
{
    "pk": 34, 
    "fields": {
        "name": "Can add transaction", 
        "codename": "add_transaction", 
        "content_type": 12
    }, 
    "model": "auth.permission"
},
{
    "pk": 35, 
    "fields": {
        "name": "Can change transaction", 
        "codename": "change_transaction", 
        "content_type": 12
    }, 
    "model": "auth.permission"
},
{
    "pk": 36, 
    "fields": {
        "name": "Can delete transaction", 
        "codename": "delete_transaction", 
        "content_type": 12
    }, 
    "model": "auth.permission"
},
{
    "pk": 37, 
    "fields": {
        "name": "Can add transaction filter", 
        "codename": "add_transactionfilter", 
        "content_type": 13
    }, 
    "model": "auth.permission"
},
{
    "pk": 38, 
    "fields": {
        "name": "Can change transaction filter", 
        "codename": "change_transactionfilter", 
        "content_type": 13
    }, 
    "model": "auth.permission"
},
{
    "pk": 39, 
    "fields": {
        "name": "Can delete transaction filter", 
        "codename": "delete_transactionfilter", 
        "content_type": 13
    }, 
    "model": "auth.permission"
},
{
    "pk": 40, 
    "fields": {
        "name": "Can add filter sql", 
        "codename": "add_filtersql", 
        "content_type": 14
    }, 
    "model": "auth.permission"
},
{
    "pk": 41, 
    "fields": {
        "name": "Can change filter sql", 
        "codename": "change_filtersql", 
        "content_type": 14
    }, 
    "model": "auth.permission"
},
{
    "pk": 42, 
    "fields": {
        "name": "Can delete filter sql", 
        "codename": "delete_filtersql", 
        "content_type": 14
    }, 
    "model": "auth.permission"
},
{
    "pk": 1, 
    "fields": {
        "last_login": "2014-04-22T05:49:56Z", 
        "username": "admin", 
        "date_joined": "2014-04-22T05:49:56Z", 
        "is_superuser": true, 
        "groups": [], 
        "last_name": "", 
        "user_permissions": [], 
        "email": "", 
        "first_name": "", 
        "is_staff": true, 
        "is_active": true, 
        "password": "pbkdf2_sha256$12000$CEByEK8osv7n$3WXBziglOUrc84UoZuCWG6OHtP/7Kci2soxR24D45/g="
    }, 
    "model": "auth.user"
}
]
