[
{
    "pk": 1, 
    "fields": {
        "name": "log entry", 
        "app_label": "admin", 
        "model": "logentry"
    }, 
    "model": "contenttypes.contenttype"
},
{
    "pk": 2, 
    "fields": {
        "name": "permission", 
        "app_label": "auth", 
        "model": "permission"
    }, 
    "model": "contenttypes.contenttype"
},
{
    "pk": 3, 
    "fields": {
        "name": "group", 
        "app_label": "auth", 
        "model": "group"
    }, 
    "model": "contenttypes.contenttype"
},
{
    "pk": 4, 
    "fields": {
        "name": "user", 
        "app_label": "auth", 
        "model": "user"
    }, 
    "model": "contenttypes.contenttype"
},
{
    "pk": 5, 
    "fields": {
        "name": "content type", 
        "app_label": "contenttypes", 
        "model": "contenttype"
    }, 
    "model": "contenttypes.contenttype"
},
{
    "pk": 6, 
    "fields": {
        "name": "session", 
        "app_label": "sessions", 
        "model": "session"
    }, 
    "model": "contenttypes.contenttype"
},
{
    "pk": 7, 
    "fields": {
        "name": "type", 
        "app_label": "ozio", 
        "model": "type"
    }, 
    "model": "contenttypes.contenttype"
},
{
    "pk": 8, 
    "fields": {
        "name": "cate", 
        "app_label": "ozio", 
        "model": "cate"
    }, 
    "model": "contenttypes.contenttype"
},
{
    "pk": 9, 
    "fields": {
        "name": "sub cate", 
        "app_label": "ozio", 
        "model": "subcate"
    }, 
    "model": "contenttypes.contenttype"
},
{
    "pk": 10, 
    "fields": {
        "name": "keyword", 
        "app_label": "ozio", 
        "model": "keyword"
    }, 
    "model": "contenttypes.contenttype"
},
{
    "pk": 11, 
    "fields": {
        "name": "source file", 
        "app_label": "ozio", 
        "model": "sourcefile"
    }, 
    "model": "contenttypes.contenttype"
},
{
    "pk": 12, 
    "fields": {
        "name": "transaction", 
        "app_label": "ozio", 
        "model": "transaction"
    }, 
    "model": "contenttypes.contenttype"
},
{
    "pk": 13, 
    "fields": {
        "name": "transaction filter", 
        "app_label": "ozio", 
        "model": "transactionfilter"
    }, 
    "model": "contenttypes.contenttype"
},
{
    "pk": 14, 
    "fields": {
        "name": "filter sql", 
        "app_label": "ozio", 
        "model": "filtersql"
    }, 
    "model": "contenttypes.contenttype"
},
{
    "pk": "mrqqnc8e5yh5zwprb1769tf7aafwl1d4", 
    "fields": {
        "session_data": "YTFmYjM4YTMwMGJhYTdhMjczOTkzMTRlNWQyMzY4YjM3YjI3YjM3NDp7fQ==", 
        "expire_date": "2014-05-06T05:50:17Z"
    }, 
    "model": "sessions.session"
},
{
    "pk": 1, 
    "fields": {
        "description": "Off Balance Expense", 
        "span_months": 1, 
        "type": "Off Balance"
    }, 
    "model": "ozio.type"
},
{
    "pk": 2, 
    "fields": {
        "description": "One Off Expense", 
        "span_months": 1, 
        "type": "One Off"
    }, 
    "model": "ozio.type"
},
{
    "pk": 3, 
    "fields": {
        "description": "Annual Expense", 
        "span_months": 12, 
        "type": "Annual"
    }, 
    "model": "ozio.type"
},
{
    "pk": 4, 
    "fields": {
        "description": "Quarterly Expense", 
        "span_months": 3, 
        "type": "Quarterly"
    }, 
    "model": "ozio.type"
},
{
    "pk": 5, 
    "fields": {
        "description": "Salary, Interest, etc.", 
        "span_months": 1, 
        "type": "Income"
    }, 
    "model": "ozio.type"
},
{
    "pk": 1, 
    "fields": {
        "cate": "Living", 
        "description": "Must Spent To Stay Alive"
    }, 
    "model": "ozio.cate"
},
{
    "pk": 2, 
    "fields": {
        "cate": "Luxury", 
        "description": "Enjoy living"
    }, 
    "model": "ozio.cate"
},
{
    "pk": 3, 
    "fields": {
        "cate": "Properties", 
        "description": "Something last very long"
    }, 
    "model": "ozio.cate"
},
{
    "pk": 4, 
    "fields": {
        "cate": "Off Balance", 
        "description": "Off Balance Expense, e.g. internal transfer"
    }, 
    "model": "ozio.cate"
},
{
    "pk": 5, 
    "fields": {
        "cate": "Income", 
        "description": "Salary, Interest, etc."
    }, 
    "model": "ozio.cate"
},
{
    "pk": 6, 
    "fields": {
        "cate": "Leisure", 
        "description": "Spent for enjoying life"
    }, 
    "model": "ozio.cate"
},
{
    "pk": 7, 
    "fields": {
        "cate": "N/A", 
        "description": "For span transactions"
    }, 
    "model": "ozio.cate"
},
{
    "pk": 1, 
    "fields": {
        "cate": 1, 
        "description": "", 
        "sub_cate": "Food & Drink"
    }, 
    "model": "ozio.subcate"
},
{
    "pk": 2, 
    "fields": {
        "cate": 1, 
        "description": "", 
        "sub_cate": "Clothes & Shoes"
    }, 
    "model": "ozio.subcate"
},
{
    "pk": 3, 
    "fields": {
        "cate": 2, 
        "description": "", 
        "sub_cate": "Wine"
    }, 
    "model": "ozio.subcate"
},
{
    "pk": 4, 
    "fields": {
        "cate": 3, 
        "description": "", 
        "sub_cate": "Car"
    }, 
    "model": "ozio.subcate"
},
{
    "pk": 5, 
    "fields": {
        "cate": 1, 
        "description": "", 
        "sub_cate": "Houseware"
    }, 
    "model": "ozio.subcate"
},
{
    "pk": 6, 
    "fields": {
        "cate": 4, 
        "description": "", 
        "sub_cate": "N/A"
    }, 
    "model": "ozio.subcate"
},
{
    "pk": 7, 
    "fields": {
        "cate": 1, 
        "description": "Mobile Phone", 
        "sub_cate": "Mobile"
    }, 
    "model": "ozio.subcate"
},
{
    "pk": 8, 
    "fields": {
        "cate": 1, 
        "description": "Train, Bus, Petrol, Toll Road, etc.", 
        "sub_cate": "Transport"
    }, 
    "model": "ozio.subcate"
},
{
    "pk": 9, 
    "fields": {
        "cate": 4, 
        "description": "Cash Out should be recorded manually", 
        "sub_cate": "Cash Out"
    }, 
    "model": "ozio.subcate"
},
{
    "pk": 10, 
    "fields": {
        "cate": 1, 
        "description": "Shower Gel, Shampoo, etc.", 
        "sub_cate": "Body Care"
    }, 
    "model": "ozio.subcate"
},
{
    "pk": 11, 
    "fields": {
        "cate": 5, 
        "description": "", 
        "sub_cate": "Credit Interest"
    }, 
    "model": "ozio.subcate"
},
{
    "pk": 12, 
    "fields": {
        "cate": 5, 
        "description": "", 
        "sub_cate": "Salary"
    }, 
    "model": "ozio.subcate"
},
{
    "pk": 13, 
    "fields": {
        "cate": 1, 
        "description": "", 
        "sub_cate": "Tax"
    }, 
    "model": "ozio.subcate"
},
{
    "pk": 14, 
    "fields": {
        "cate": 1, 
        "description": "", 
        "sub_cate": "Home Rent"
    }, 
    "model": "ozio.subcate"
},
{
    "pk": 15, 
    "fields": {
        "cate": 1, 
        "description": "Car, Life Insurance, etc.", 
        "sub_cate": "Insurance"
    }, 
    "model": "ozio.subcate"
},
{
    "pk": 16, 
    "fields": {
        "cate": 4, 
        "description": "Money from China", 
        "sub_cate": "RMB"
    }, 
    "model": "ozio.subcate"
},
{
    "pk": 17, 
    "fields": {
        "cate": 6, 
        "description": "", 
        "sub_cate": "Travel"
    }, 
    "model": "ozio.subcate"
},
{
    "pk": 18, 
    "fields": {
        "cate": 6, 
        "description": "", 
        "sub_cate": "Leisure:Food & Drink"
    }, 
    "model": "ozio.subcate"
},
{
    "pk": 19, 
    "fields": {
        "cate": 7, 
        "description": "", 
        "sub_cate": "N/A,N/A"
    }, 
    "model": "ozio.subcate"
},
{
    "pk": 1, 
    "fields": {
        "cate": 1, 
        "description": "", 
        "keyword": "COLES", 
        "type": 2, 
        "priority": 4, 
        "sub_cate": 1
    }, 
    "model": "ozio.keyword"
},
{
    "pk": 2, 
    "fields": {
        "cate": 1, 
        "description": "", 
        "keyword": "WOOLWORTHS", 
        "type": 2, 
        "priority": 4, 
        "sub_cate": 1
    }, 
    "model": "ozio.keyword"
},
{
    "pk": 3, 
    "fields": {
        "cate": 1, 
        "description": "", 
        "keyword": "KMART", 
        "type": 2, 
        "priority": 4, 
        "sub_cate": 5
    }, 
    "model": "ozio.keyword"
},
{
    "pk": 4, 
    "fields": {
        "cate": 1, 
        "description": "", 
        "keyword": "TARGET", 
        "type": 2, 
        "priority": 4, 
        "sub_cate": 5
    }, 
    "model": "ozio.keyword"
},
{
    "pk": 5, 
    "fields": {
        "cate": 4, 
        "description": "Internal Money Transfer", 
        "keyword": "INTERNALS", 
        "type": 1, 
        "priority": 10, 
        "sub_cate": 6
    }, 
    "model": "ozio.keyword"
},
{
    "pk": 6, 
    "fields": {
        "cate": 1, 
        "description": "", 
        "keyword": "NEW BALANCE", 
        "type": 2, 
        "priority": 4, 
        "sub_cate": 2
    }, 
    "model": "ozio.keyword"
},
{
    "pk": 7, 
    "fields": {
        "cate": 4, 
        "description": "Internal", 
        "keyword": "TRANSFER TO XX4978", 
        "type": 1, 
        "priority": 4, 
        "sub_cate": 6
    }, 
    "model": "ozio.keyword"
},
{
    "pk": 8, 
    "fields": {
        "cate": 4, 
        "description": "Internal", 
        "keyword": "TRANSFER FROM XX4978", 
        "type": 1, 
        "priority": 4, 
        "sub_cate": 6
    }, 
    "model": "ozio.keyword"
},
{
    "pk": 9, 
    "fields": {
        "cate": 4, 
        "description": "Internal", 
        "keyword": "TRANSFER FROM XX8088", 
        "type": 1, 
        "priority": 4, 
        "sub_cate": 6
    }, 
    "model": "ozio.keyword"
},
{
    "pk": 10, 
    "fields": {
        "cate": 4, 
        "description": "Internal", 
        "keyword": "TRANSFER TO XX8088", 
        "type": 1, 
        "priority": 4, 
        "sub_cate": 6
    }, 
    "model": "ozio.keyword"
},
{
    "pk": 11, 
    "fields": {
        "cate": 4, 
        "description": "Internal", 
        "keyword": "TRANSFER TO XX8096", 
        "type": 1, 
        "priority": 4, 
        "sub_cate": 6
    }, 
    "model": "ozio.keyword"
},
{
    "pk": 12, 
    "fields": {
        "cate": 4, 
        "description": "Internal", 
        "keyword": "TRANSFER FROM XX8096", 
        "type": 1, 
        "priority": 4, 
        "sub_cate": 6
    }, 
    "model": "ozio.keyword"
},
{
    "pk": 13, 
    "fields": {
        "cate": 1, 
        "description": "", 
        "keyword": "VODAFONE", 
        "type": 2, 
        "priority": 4, 
        "sub_cate": 7
    }, 
    "model": "ozio.keyword"
},
{
    "pk": 14, 
    "fields": {
        "cate": 4, 
        "description": "", 
        "keyword": "CASH OUT", 
        "type": 1, 
        "priority": 10, 
        "sub_cate": 9
    }, 
    "model": "ozio.keyword"
},
{
    "pk": 15, 
    "fields": {
        "cate": 1, 
        "description": "", 
        "keyword": "HANDYWAY RAIL", 
        "type": 2, 
        "priority": 4, 
        "sub_cate": 8
    }, 
    "model": "ozio.keyword"
},
{
    "pk": 16, 
    "fields": {
        "cate": 1, 
        "description": "", 
        "keyword": "DAISO", 
        "type": 2, 
        "priority": 4, 
        "sub_cate": 5
    }, 
    "model": "ozio.keyword"
},
{
    "pk": 17, 
    "fields": {
        "cate": 1, 
        "description": "", 
        "keyword": "PAYPAL", 
        "type": 2, 
        "priority": 4, 
        "sub_cate": 5
    }, 
    "model": "ozio.keyword"
},
{
    "pk": 18, 
    "fields": {
        "cate": 1, 
        "description": "", 
        "keyword": "TONG LI", 
        "type": 2, 
        "priority": 4, 
        "sub_cate": 1
    }, 
    "model": "ozio.keyword"
},
{
    "pk": 19, 
    "fields": {
        "cate": 2, 
        "description": "", 
        "keyword": "MR LIQUOR", 
        "type": 2, 
        "priority": 4, 
        "sub_cate": 3
    }, 
    "model": "ozio.keyword"
},
{
    "pk": 20, 
    "fields": {
        "cate": 1, 
        "description": "", 
        "keyword": "BUNNINGS", 
        "type": 2, 
        "priority": 4, 
        "sub_cate": 5
    }, 
    "model": "ozio.keyword"
},
{
    "pk": 21, 
    "fields": {
        "cate": 4, 
        "description": "Internal", 
        "keyword": "TRANSFER TO XX7456", 
        "type": 1, 
        "priority": 10, 
        "sub_cate": 6
    }, 
    "model": "ozio.keyword"
},
{
    "pk": 22, 
    "fields": {
        "cate": 4, 
        "description": "Internal", 
        "keyword": "TRANSFER FROM XX7456", 
        "type": 1, 
        "priority": 10, 
        "sub_cate": 6
    }, 
    "model": "ozio.keyword"
},
{
    "pk": 23, 
    "fields": {
        "cate": 1, 
        "description": "Vegi Store at Burwood Westfield", 
        "keyword": "SOUQ FRESH", 
        "type": 2, 
        "priority": 4, 
        "sub_cate": 1
    }, 
    "model": "ozio.keyword"
},
{
    "pk": 24, 
    "fields": {
        "cate": 1, 
        "description": "", 
        "keyword": "COTTON ON", 
        "type": 2, 
        "priority": 4, 
        "sub_cate": 2
    }, 
    "model": "ozio.keyword"
},
{
    "pk": 25, 
    "fields": {
        "cate": 1, 
        "description": "", 
        "keyword": "TELSTRA", 
        "type": 2, 
        "priority": 4, 
        "sub_cate": 7
    }, 
    "model": "ozio.keyword"
},
{
    "pk": 26, 
    "fields": {
        "cate": 1, 
        "description": "", 
        "keyword": "CHEMIST WAREHOUSE", 
        "type": 2, 
        "priority": 4, 
        "sub_cate": 10
    }, 
    "model": "ozio.keyword"
},
{
    "pk": 27, 
    "fields": {
        "cate": 5, 
        "description": "", 
        "keyword": "CREDIT INTEREST", 
        "type": 5, 
        "priority": 10, 
        "sub_cate": 11
    }, 
    "model": "ozio.keyword"
},
{
    "pk": 28, 
    "fields": {
        "cate": 1, 
        "description": "", 
        "keyword": "HOME AND KITCHEN", 
        "type": 2, 
        "priority": 4, 
        "sub_cate": 5
    }, 
    "model": "ozio.keyword"
},
{
    "pk": 29, 
    "fields": {
        "cate": 1, 
        "description": "", 
        "keyword": "PETROL", 
        "type": 2, 
        "priority": 4, 
        "sub_cate": 8
    }, 
    "model": "ozio.keyword"
},
{
    "pk": 30, 
    "fields": {
        "cate": 1, 
        "description": "", 
        "keyword": "COUNTRY GROWERS", 
        "type": 2, 
        "priority": 4, 
        "sub_cate": 1
    }, 
    "model": "ozio.keyword"
},
{
    "pk": 31, 
    "fields": {
        "cate": 4, 
        "description": "Internal", 
        "keyword": "FROM A/C XX8088", 
        "type": 1, 
        "priority": 10, 
        "sub_cate": 6
    }, 
    "model": "ozio.keyword"
},
{
    "pk": 32, 
    "fields": {
        "cate": 4, 
        "description": "Internal", 
        "keyword": "TO A/C XX8088", 
        "type": 1, 
        "priority": 10, 
        "sub_cate": 6
    }, 
    "model": "ozio.keyword"
},
{
    "pk": 33, 
    "fields": {
        "cate": 4, 
        "description": "Internal", 
        "keyword": "FROM A/C XX4978", 
        "type": 1, 
        "priority": 10, 
        "sub_cate": 6
    }, 
    "model": "ozio.keyword"
},
{
    "pk": 34, 
    "fields": {
        "cate": 4, 
        "description": "Internal", 
        "keyword": "TO A/C XX4978", 
        "type": 1, 
        "priority": 10, 
        "sub_cate": 6
    }, 
    "model": "ozio.keyword"
},
{
    "pk": 35, 
    "fields": {
        "cate": 1, 
        "description": "", 
        "keyword": "SYDNEY TRAINS", 
        "type": 2, 
        "priority": 4, 
        "sub_cate": 8
    }, 
    "model": "ozio.keyword"
},
{
    "pk": 36, 
    "fields": {
        "cate": 1, 
        "description": "", 
        "keyword": "SUBWAY SANDWICHES", 
        "type": 2, 
        "priority": 4, 
        "sub_cate": 1
    }, 
    "model": "ozio.keyword"
},
{
    "pk": 37, 
    "fields": {
        "cate": 4, 
        "description": "ATM Withdraw", 
        "keyword": "WDL ATM CBA ATM", 
        "type": 1, 
        "priority": 10, 
        "sub_cate": 9
    }, 
    "model": "ozio.keyword"
},
{
    "pk": 38, 
    "fields": {
        "cate": 3, 
        "description": "Mazda 3 - Bank Check", 
        "keyword": "WDL BRANCH 116 BURWOOD RD", 
        "type": 2, 
        "priority": 10, 
        "sub_cate": 4
    }, 
    "model": "ozio.keyword"
},
{
    "pk": 39, 
    "fields": {
        "cate": 3, 
        "description": "Mazda 3 - 1000 Bond", 
        "keyword": "ROCKDALE MAZDA ARNCLIFFE NS AUS CARD XX1940", 
        "type": 2, 
        "priority": 10, 
        "sub_cate": 4
    }, 
    "model": "ozio.keyword"
},
{
    "pk": 40, 
    "fields": {
        "cate": 4, 
        "description": "Internal", 
        "keyword": "TRANSFER FROM XX4986", 
        "type": 1, 
        "priority": 10, 
        "sub_cate": 6
    }, 
    "model": "ozio.keyword"
},
{
    "pk": 41, 
    "fields": {
        "cate": 1, 
        "description": "Tax applied to interest before TFN", 
        "keyword": "TFN WITHHOLDING TAX", 
        "type": 2, 
        "priority": 4, 
        "sub_cate": 13
    }, 
    "model": "ozio.keyword"
},
{
    "pk": 42, 
    "fields": {
        "cate": 1, 
        "description": "", 
        "keyword": "TONGLI SUPER", 
        "type": 2, 
        "priority": 4, 
        "sub_cate": 1
    }, 
    "model": "ozio.keyword"
},
{
    "pk": 43, 
    "fields": {
        "cate": 1, 
        "description": "", 
        "keyword": "RENT FEE", 
        "type": 2, 
        "priority": 4, 
        "sub_cate": 14
    }, 
    "model": "ozio.keyword"
},
{
    "pk": 44, 
    "fields": {
        "cate": 2, 
        "description": "", 
        "keyword": "TEMPUS TWO", 
        "type": 2, 
        "priority": 4, 
        "sub_cate": 3
    }, 
    "model": "ozio.keyword"
},
{
    "pk": 45, 
    "fields": {
        "cate": 4, 
        "description": "Internal", 
        "keyword": "FROM A/C XX7456", 
        "type": 1, 
        "priority": 10, 
        "sub_cate": 6
    }, 
    "model": "ozio.keyword"
},
{
    "pk": 46, 
    "fields": {
        "cate": 4, 
        "description": "Internal", 
        "keyword": "TO A/C XX7456", 
        "type": 1, 
        "priority": 10, 
        "sub_cate": 6
    }, 
    "model": "ozio.keyword"
},
{
    "pk": 47, 
    "fields": {
        "cate": 4, 
        "description": "Internal", 
        "keyword": "FROM A/C XX4986", 
        "type": 1, 
        "priority": 10, 
        "sub_cate": 6
    }, 
    "model": "ozio.keyword"
},
{
    "pk": 48, 
    "fields": {
        "cate": 4, 
        "description": "Internal", 
        "keyword": "TO A/C XX4986", 
        "type": 1, 
        "priority": 10, 
        "sub_cate": 6
    }, 
    "model": "ozio.keyword"
},
{
    "pk": 49, 
    "fields": {
        "cate": 1, 
        "description": "", 
        "keyword": "PARKING", 
        "type": 2, 
        "priority": 4, 
        "sub_cate": 8
    }, 
    "model": "ozio.keyword"
},
{
    "pk": 50, 
    "fields": {
        "cate": 1, 
        "description": "", 
        "keyword": "LUNCH FEE", 
        "type": 2, 
        "priority": 4, 
        "sub_cate": 1
    }, 
    "model": "ozio.keyword"
},
{
    "pk": 51, 
    "fields": {
        "cate": 1, 
        "description": "Auburn Outlet", 
        "keyword": "MD AUBURN 132 AUBURN NS", 
        "type": 2, 
        "priority": 4, 
        "sub_cate": 2
    }, 
    "model": "ozio.keyword"
},
{
    "pk": 52, 
    "fields": {
        "cate": 1, 
        "description": "Korean Store at Lidcombe", 
        "keyword": "HANSANG TRADING", 
        "type": 2, 
        "priority": 4, 
        "sub_cate": 5
    }, 
    "model": "ozio.keyword"
},
{
    "pk": 53, 
    "fields": {
        "cate": 1, 
        "description": "NRMA", 
        "keyword": "N R M A", 
        "type": 3, 
        "priority": 4, 
        "sub_cate": 15
    }, 
    "model": "ozio.keyword"
},
{
    "pk": 54, 
    "fields": {
        "cate": 4, 
        "description": "Internal", 
        "keyword": "TRANSFER TO XX4986", 
        "type": 1, 
        "priority": 10, 
        "sub_cate": 6
    }, 
    "model": "ozio.keyword"
},
{
    "pk": 55, 
    "fields": {
        "cate": 1, 
        "description": "CRC-License Translation", 
        "keyword": "COMMUNITY RELATIONS", 
        "type": 2, 
        "priority": 4, 
        "sub_cate": 8
    }, 
    "model": "ozio.keyword"
},
{
    "pk": 56, 
    "fields": {
        "cate": 2, 
        "description": "Wine Store at Strathfield", 
        "keyword": "CELLARBRATIONS", 
        "type": 2, 
        "priority": 4, 
        "sub_cate": 3
    }, 
    "model": "ozio.keyword"
},
{
    "pk": 57, 
    "fields": {
        "cate": 1, 
        "description": "", 
        "keyword": "DAVID JONES", 
        "type": 2, 
        "priority": 4, 
        "sub_cate": 5
    }, 
    "model": "ozio.keyword"
},
{
    "pk": 58, 
    "fields": {
        "cate": 1, 
        "description": "Houseware Store at BikenHead Point", 
        "keyword": "HANDYWAY WORLD KITC", 
        "type": 2, 
        "priority": 4, 
        "sub_cate": 5
    }, 
    "model": "ozio.keyword"
},
{
    "pk": 59, 
    "fields": {
        "cate": 1, 
        "description": "E-TOLL", 
        "keyword": "ETOLLRTB", 
        "type": 2, 
        "priority": 4, 
        "sub_cate": 8
    }, 
    "model": "ozio.keyword"
},
{
    "pk": 60, 
    "fields": {
        "cate": 1, 
        "description": "RTA related. licensing, etc.", 
        "keyword": "RTA", 
        "type": 2, 
        "priority": 4, 
        "sub_cate": 8
    }, 
    "model": "ozio.keyword"
},
{
    "pk": 61, 
    "fields": {
        "cate": 1, 
        "description": "OPAL", 
        "keyword": "TRANSPORT FOR NSW", 
        "type": 2, 
        "priority": 4, 
        "sub_cate": 8
    }, 
    "model": "ozio.keyword"
},
{
    "pk": 62, 
    "fields": {
        "cate": 1, 
        "description": "", 
        "keyword": "DICK SMITH", 
        "type": 2, 
        "priority": 4, 
        "sub_cate": 5
    }, 
    "model": "ozio.keyword"
},
{
    "pk": 63, 
    "fields": {
        "cate": 1, 
        "description": "", 
        "keyword": "REBEL SPORT", 
        "type": 2, 
        "priority": 4, 
        "sub_cate": 2
    }, 
    "model": "ozio.keyword"
},
{
    "pk": 64, 
    "fields": {
        "cate": 4, 
        "description": "Money from China", 
        "keyword": "LIVING EXPENSE", 
        "type": 1, 
        "priority": 10, 
        "sub_cate": 16
    }, 
    "model": "ozio.keyword"
},
{
    "pk": 65, 
    "fields": {
        "cate": 4, 
        "description": "Money from UK Account", 
        "keyword": "MR WENZHEN HE REF 131120011759", 
        "type": 1, 
        "priority": 10, 
        "sub_cate": 16
    }, 
    "model": "ozio.keyword"
},
{
    "pk": 66, 
    "fields": {
        "cate": 4, 
        "description": "Money from China", 
        "keyword": "WENZHEN REF: CASH DEPOSIT CBA ATM STRATHFIELD A NSW 225601 AUS", 
        "type": 1, 
        "priority": 10, 
        "sub_cate": 16
    }, 
    "model": "ozio.keyword"
},
{
    "pk": 69, 
    "fields": {
        "cate": 1, 
        "description": "Manual Input Food & Drink", 
        "keyword": "GENERAL FOOD & DRINK", 
        "type": 2, 
        "priority": 5, 
        "sub_cate": 1
    }, 
    "model": "ozio.keyword"
},
{
    "pk": 70, 
    "fields": {
        "cate": 6, 
        "description": "Fish Market Seafood", 
        "keyword": "SEAFOOD BUYFOOD", 
        "type": 2, 
        "priority": 4, 
        "sub_cate": 18
    }, 
    "model": "ozio.keyword"
},
{
    "pk": 71, 
    "fields": {
        "cate": 1, 
        "description": "Manual Input Transport", 
        "keyword": "GENERAL TRANSPORT", 
        "type": 2, 
        "priority": 5, 
        "sub_cate": 8
    }, 
    "model": "ozio.keyword"
},
{
    "pk": 72, 
    "fields": {
        "cate": 6, 
        "description": "Manual Input Social", 
        "keyword": "GENERAL SOCIAL", 
        "type": 2, 
        "priority": 5, 
        "sub_cate": 18
    }, 
    "model": "ozio.keyword"
},
{
    "pk": 73, 
    "fields": {
        "cate": 6, 
        "description": "Manual Input Travel", 
        "keyword": "GENERAL TRAVEL", 
        "type": 2, 
        "priority": 5, 
        "sub_cate": 17
    }, 
    "model": "ozio.keyword"
},
{
    "pk": 74, 
    "fields": {
        "cate": 1, 
        "description": "Manual Input Driving Lesson", 
        "keyword": "DRIVING LESSON", 
        "type": 2, 
        "priority": 5, 
        "sub_cate": 8
    }, 
    "model": "ozio.keyword"
},
{
    "pk": 75, 
    "fields": {
        "cate": 7, 
        "description": "For splitted span transactions, NOT for regular mapping", 
        "keyword": "SPLITTED SPAN TRANSACTIONS", 
        "type": 1, 
        "priority": 100, 
        "sub_cate": 19
    }, 
    "model": "ozio.keyword"
},
{
    "pk": 76, 
    "fields": {
        "cate": 1, 
        "description": "Manual Input Houseware", 
        "keyword": "GENERAL HOUSEWARE", 
        "type": 2, 
        "priority": 5, 
        "sub_cate": 5
    }, 
    "model": "ozio.keyword"
},
{
    "pk": 1, 
    "fields": {
        "description": "Cash outflow that logged in the system", 
        "filter_name": "Cash Expense Logged"
    }, 
    "model": "ozio.transactionfilter"
},
{
    "pk": 2, 
    "fields": {
        "description": "Cash from ATM or Cashout or oversee ", 
        "filter_name": "Cash In Hand"
    }, 
    "model": "ozio.transactionfilter"
},
{
    "pk": 3, 
    "fields": {
        "description": "Filters for the Monthly View Bar Chart at OZIO.home", 
        "filter_name": "Bar Chart - MonthlyView"
    }, 
    "model": "ozio.transactionfilter"
},
{
    "pk": 4, 
    "fields": {
        "description": "Monthly Income/Expense Bar Chart + Balance Line Chart", 
        "filter_name": "Mix Chart - MonthlyBalance"
    }, 
    "model": "ozio.transactionfilter"
},
{
    "pk": 5, 
    "fields": {
        "description": "Income portion of MonthlyBalance", 
        "filter_name": "Mix Chart - MonthlyBalance - Income"
    }, 
    "model": "ozio.transactionfilter"
},
{
    "pk": 6, 
    "fields": {
        "description": "Expense portion of MonthlyBalance", 
        "filter_name": "Mix Chart - MonthlyBalance - Expense"
    }, 
    "model": "ozio.transactionfilter"
},
{
    "pk": 7, 
    "fields": {
        "description": "For Transaction Page", 
        "filter_name": "Outstanding Transactions"
    }, 
    "model": "ozio.transactionfilter"
},
{
    "pk": 8, 
    "fields": {
        "description": "For Transaction Page", 
        "filter_name": "Span Transactions"
    }, 
    "model": "ozio.transactionfilter"
},
{
    "pk": 1, 
    "fields": {
        "filter_onoff": "enabled", 
        "filter_status": "pending", 
        "filter_sql": "source_file__file_name__icontains = 'Cash_OutFlow'", 
        "filter": 1, 
        "filter_type": "filter"
    }, 
    "model": "ozio.filtersql"
},
{
    "pk": 2, 
    "fields": {
        "filter_onoff": "enabled", 
        "filter_status": "pending", 
        "filter_sql": "keyword__sub_cate__sub_cate__exact = 'Cash Out'", 
        "filter": 2, 
        "filter_type": "filter"
    }, 
    "model": "ozio.filtersql"
},
{
    "pk": 3, 
    "fields": {
        "filter_onoff": "enabled", 
        "filter_status": "pending", 
        "filter_sql": "keyword__type__type = 'Off Balance'", 
        "filter": 3, 
        "filter_type": "exclude"
    }, 
    "model": "ozio.filtersql"
},
{
    "pk": 4, 
    "fields": {
        "filter_onoff": "enabled", 
        "filter_status": "pending", 
        "filter_sql": "keyword__type__type = 'Income'", 
        "filter": 3, 
        "filter_type": "exclude"
    }, 
    "model": "ozio.filtersql"
},
{
    "pk": 5, 
    "fields": {
        "filter_onoff": "enabled", 
        "filter_status": "pending", 
        "filter_sql": "keyword__cate__cate = 'Properties'", 
        "filter": 3, 
        "filter_type": "exclude"
    }, 
    "model": "ozio.filtersql"
},
{
    "pk": 6, 
    "fields": {
        "filter_onoff": "enabled", 
        "filter_status": "pending", 
        "filter_sql": "keyword__cate__cate = 'Off Balance'", 
        "filter": 3, 
        "filter_type": "exclude"
    }, 
    "model": "ozio.filtersql"
},
{
    "pk": 7, 
    "fields": {
        "filter_onoff": "enabled", 
        "filter_status": "pending", 
        "filter_sql": "keyword__isnull = True", 
        "filter": 3, 
        "filter_type": "exclude"
    }, 
    "model": "ozio.filtersql"
},
{
    "pk": 8, 
    "fields": {
        "filter_onoff": "enabled", 
        "filter_status": "pending", 
        "filter_sql": "date__gt = date.today()", 
        "filter": 3, 
        "filter_type": "exclude"
    }, 
    "model": "ozio.filtersql"
},
{
    "pk": 9, 
    "fields": {
        "filter_onoff": "enabled", 
        "filter_status": "pending", 
        "filter_sql": "date__gt = date.today()", 
        "filter": 4, 
        "filter_type": "exclude"
    }, 
    "model": "ozio.filtersql"
},
{
    "pk": 10, 
    "fields": {
        "filter_onoff": "enabled", 
        "filter_status": "pending", 
        "filter_sql": "keyword__sub_cate__sub_cate__exact = 'Cash Out'", 
        "filter": 4, 
        "filter_type": "exclude"
    }, 
    "model": "ozio.filtersql"
},
{
    "pk": 11, 
    "fields": {
        "filter_onoff": "enabled", 
        "filter_status": "pending", 
        "filter_sql": "Q(keyword__cate__cate__exact = 'Off Balance') & Q(keyword__sub_cate__sub_cate__exact = 'N/A')", 
        "filter": 4, 
        "filter_type": "exclude"
    }, 
    "model": "ozio.filtersql"
},
{
    "pk": 12, 
    "fields": {
        "filter_onoff": "enabled", 
        "filter_status": "pending", 
        "filter_sql": "Q(keyword__type__type__exact = 'Income') | Q(keyword__sub_cate__sub_cate__exact = 'RMB')", 
        "filter": 5, 
        "filter_type": "filter"
    }, 
    "model": "ozio.filtersql"
},
{
    "pk": 13, 
    "fields": {
        "filter_onoff": "enabled", 
        "filter_status": "pending", 
        "filter_sql": "Q(keyword__type__type__exact = 'Income') | Q(keyword__sub_cate__sub_cate__exact = 'RMB')", 
        "filter": 6, 
        "filter_type": "exclude"
    }, 
    "model": "ozio.filtersql"
},
{
    "pk": 14, 
    "fields": {
        "filter_onoff": "enabled", 
        "filter_status": "pending", 
        "filter_sql": "keyword__isnull = True", 
        "filter": 7, 
        "filter_type": "filter"
    }, 
    "model": "ozio.filtersql"
},
{
    "pk": 15, 
    "fields": {
        "filter_onoff": "enabled", 
        "filter_status": "pending", 
        "filter_sql": "keyword__isnull = True", 
        "filter": 8, 
        "filter_type": "exclude"
    }, 
    "model": "ozio.filtersql"
},
{
    "pk": 16, 
    "fields": {
        "filter_onoff": "enabled", 
        "filter_status": "pending", 
        "filter_sql": "span_status__exact = 'N'", 
        "filter": 8, 
        "filter_type": "filter"
    }, 
    "model": "ozio.filtersql"
},
{
    "pk": 17, 
    "fields": {
        "filter_onoff": "enabled", 
        "filter_status": "pending", 
        "filter_sql": "keyword__isnull = True", 
        "filter": 4, 
        "filter_type": "exclude"
    }, 
    "model": "ozio.filtersql"
},
{
    "pk": 1, 
    "fields": {
        "name": "Can add log entry", 
        "codename": "add_logentry", 
        "content_type": 1
    }, 
    "model": "auth.permission"
},
{
    "pk": 2, 
    "fields": {
        "name": "Can change log entry", 
        "codename": "change_logentry", 
        "content_type": 1
    }, 
    "model": "auth.permission"
},
{
    "pk": 3, 
    "fields": {
        "name": "Can delete log entry", 
        "codename": "delete_logentry", 
        "content_type": 1
    }, 
    "model": "auth.permission"
},
{
    "pk": 4, 
    "fields": {
        "name": "Can add permission", 
        "codename": "add_permission", 
        "content_type": 2
    }, 
    "model": "auth.permission"
},
{
    "pk": 5, 
    "fields": {
        "name": "Can change permission", 
        "codename": "change_permission", 
        "content_type": 2
    }, 
    "model": "auth.permission"
},
{
    "pk": 6, 
    "fields": {
        "name": "Can delete permission", 
        "codename": "delete_permission", 
        "content_type": 2
    }, 
    "model": "auth.permission"
},
{
    "pk": 7, 
    "fields": {
        "name": "Can add group", 
        "codename": "add_group", 
        "content_type": 3
    }, 
    "model": "auth.permission"
},
{
    "pk": 8, 
    "fields": {
        "name": "Can change group", 
        "codename": "change_group", 
        "content_type": 3
    }, 
    "model": "auth.permission"
},
{
    "pk": 9, 
    "fields": {
        "name": "Can delete group", 
        "codename": "delete_group", 
        "content_type": 3
    }, 
    "model": "auth.permission"
},
{
    "pk": 10, 
    "fields": {
        "name": "Can add user", 
        "codename": "add_user", 
        "content_type": 4
    }, 
    "model": "auth.permission"
},
{
    "pk": 11, 
    "fields": {
        "name": "Can change user", 
        "codename": "change_user", 
        "content_type": 4
    }, 
    "model": "auth.permission"
},
{
    "pk": 12, 
    "fields": {
        "name": "Can delete user", 
        "codename": "delete_user", 
        "content_type": 4
    }, 
    "model": "auth.permission"
},
{
    "pk": 13, 
    "fields": {
        "name": "Can add content type", 
        "codename": "add_contenttype", 
        "content_type": 5
    }, 
    "model": "auth.permission"
},
{
    "pk": 14, 
    "fields": {
        "name": "Can change content type", 
        "codename": "change_contenttype", 
        "content_type": 5
    }, 
    "model": "auth.permission"
},
{
    "pk": 15, 
    "fields": {
        "name": "Can delete content type", 
        "codename": "delete_contenttype", 
        "content_type": 5
    }, 
    "model": "auth.permission"
},
{
    "pk": 16, 
    "fields": {
        "name": "Can add session", 
        "codename": "add_session", 
        "content_type": 6
    }, 
    "model": "auth.permission"
},
{
    "pk": 17, 
    "fields": {
        "name": "Can change session", 
        "codename": "change_session", 
        "content_type": 6
    }, 
    "model": "auth.permission"
},
{
    "pk": 18, 
    "fields": {
        "name": "Can delete session", 
        "codename": "delete_session", 
        "content_type": 6
    }, 
    "model": "auth.permission"
},
{
    "pk": 19, 
    "fields": {
        "name": "Can add type", 
        "codename": "add_type", 
        "content_type": 7
    }, 
    "model": "auth.permission"
},
{
    "pk": 20, 
    "fields": {
        "name": "Can change type", 
        "codename": "change_type", 
        "content_type": 7
    }, 
    "model": "auth.permission"
},
{
    "pk": 21, 
    "fields": {
        "name": "Can delete type", 
        "codename": "delete_type", 
        "content_type": 7
    }, 
    "model": "auth.permission"
},
{
    "pk": 22, 
    "fields": {
        "name": "Can add cate", 
        "codename": "add_cate", 
        "content_type": 8
    }, 
    "model": "auth.permission"
},
{
    "pk": 23, 
    "fields": {
        "name": "Can change cate", 
        "codename": "change_cate", 
        "content_type": 8
    }, 
    "model": "auth.permission"
},
{
    "pk": 24, 
    "fields": {
        "name": "Can delete cate", 
        "codename": "delete_cate", 
        "content_type": 8
    }, 
    "model": "auth.permission"
},
{
    "pk": 25, 
    "fields": {
        "name": "Can add sub cate", 
        "codename": "add_subcate", 
        "content_type": 9
    }, 
    "model": "auth.permission"
},
{
    "pk": 26, 
    "fields": {
        "name": "Can change sub cate", 
        "codename": "change_subcate", 
        "content_type": 9
    }, 
    "model": "auth.permission"
},
{
    "pk": 27, 
    "fields": {
        "name": "Can delete sub cate", 
        "codename": "delete_subcate", 
        "content_type": 9
    }, 
    "model": "auth.permission"
},
{
    "pk": 28, 
    "fields": {
        "name": "Can add keyword", 
        "codename": "add_keyword", 
        "content_type": 10
    }, 
    "model": "auth.permission"
},
{
    "pk": 29, 
    "fields": {
        "name": "Can change keyword", 
        "codename": "change_keyword", 
        "content_type": 10
    }, 
    "model": "auth.permission"
},
{
    "pk": 30, 
    "fields": {
        "name": "Can delete keyword", 
        "codename": "delete_keyword", 
        "content_type": 10
    }, 
    "model": "auth.permission"
},
{
    "pk": 31, 
    "fields": {
        "name": "Can add source file", 
        "codename": "add_sourcefile", 
        "content_type": 11
    }, 
    "model": "auth.permission"
},
{
    "pk": 32, 
    "fields": {
        "name": "Can change source file", 
        "codename": "change_sourcefile", 
        "content_type": 11
    }, 
    "model": "auth.permission"
},
{
    "pk": 33, 
    "fields": {
        "name": "Can delete source file", 
        "codename": "delete_sourcefile", 
        "content_type": 11
    }, 
    "model": "auth.permission"
},
{
    "pk": 34, 
    "fields": {
        "name": "Can add transaction", 
        "codename": "add_transaction", 
        "content_type": 12
    }, 
    "model": "auth.permission"
},
{
    "pk": 35, 
    "fields": {
        "name": "Can change transaction", 
        "codename": "change_transaction", 
        "content_type": 12
    }, 
    "model": "auth.permission"
},
{
    "pk": 36, 
    "fields": {
        "name": "Can delete transaction", 
        "codename": "delete_transaction", 
        "content_type": 12
    }, 
    "model": "auth.permission"
},
{
    "pk": 37, 
    "fields": {
        "name": "Can add transaction filter", 
        "codename": "add_transactionfilter", 
        "content_type": 13
    }, 
    "model": "auth.permission"
},
{
    "pk": 38, 
    "fields": {
        "name": "Can change transaction filter", 
        "codename": "change_transactionfilter", 
        "content_type": 13
    }, 
    "model": "auth.permission"
},
{
    "pk": 39, 
    "fields": {
        "name": "Can delete transaction filter", 
        "codename": "delete_transactionfilter", 
        "content_type": 13
    }, 
    "model": "auth.permission"
},
{
    "pk": 40, 
    "fields": {
        "name": "Can add filter sql", 
        "codename": "add_filtersql", 
        "content_type": 14
    }, 
    "model": "auth.permission"
},
{
    "pk": 41, 
    "fields": {
        "name": "Can change filter sql", 
        "codename": "change_filtersql", 
        "content_type": 14
    }, 
    "model": "auth.permission"
},
{
    "pk": 42, 
    "fields": {
        "name": "Can delete filter sql", 
        "codename": "delete_filtersql", 
        "content_type": 14
    }, 
    "model": "auth.permission"
},
{
    "pk": 1, 
    "fields": {
        "user_permissions": [], 
        "is_staff": true, 
        "last_login": "2014-04-22T05:49:56Z", 
        "email": "", 
        "is_active": true, 
        "password": "pbkdf2_sha256$12000$CEByEK8osv7n$3WXBziglOUrc84UoZuCWG6OHtP/7Kci2soxR24D45/g=", 
        "date_joined": "2014-04-22T05:49:56Z", 
        "last_name": "", 
        "username": "admin", 
        "is_superuser": true, 
        "groups": [], 
        "first_name": ""
    }, 
    "model": "auth.user"
}
]
