[
{
    "fields": {
        "app_label": "admin", 
        "name": "log entry", 
        "model": "logentry"
    }, 
    "model": "contenttypes.contenttype", 
    "pk": 1
},
{
    "fields": {
        "app_label": "auth", 
        "name": "permission", 
        "model": "permission"
    }, 
    "model": "contenttypes.contenttype", 
    "pk": 2
},
{
    "fields": {
        "app_label": "auth", 
        "name": "group", 
        "model": "group"
    }, 
    "model": "contenttypes.contenttype", 
    "pk": 3
},
{
    "fields": {
        "app_label": "auth", 
        "name": "user", 
        "model": "user"
    }, 
    "model": "contenttypes.contenttype", 
    "pk": 4
},
{
    "fields": {
        "app_label": "contenttypes", 
        "name": "content type", 
        "model": "contenttype"
    }, 
    "model": "contenttypes.contenttype", 
    "pk": 5
},
{
    "fields": {
        "app_label": "sessions", 
        "name": "session", 
        "model": "session"
    }, 
    "model": "contenttypes.contenttype", 
    "pk": 6
},
{
    "fields": {
        "app_label": "ozio", 
        "name": "type", 
        "model": "type"
    }, 
    "model": "contenttypes.contenttype", 
    "pk": 7
},
{
    "fields": {
        "app_label": "ozio", 
        "name": "cate", 
        "model": "cate"
    }, 
    "model": "contenttypes.contenttype", 
    "pk": 8
},
{
    "fields": {
        "app_label": "ozio", 
        "name": "sub cate", 
        "model": "subcate"
    }, 
    "model": "contenttypes.contenttype", 
    "pk": 9
},
{
    "fields": {
        "app_label": "ozio", 
        "name": "keyword", 
        "model": "keyword"
    }, 
    "model": "contenttypes.contenttype", 
    "pk": 10
},
{
    "fields": {
        "app_label": "ozio", 
        "name": "source file", 
        "model": "sourcefile"
    }, 
    "model": "contenttypes.contenttype", 
    "pk": 11
},
{
    "fields": {
        "app_label": "ozio", 
        "name": "transaction", 
        "model": "transaction"
    }, 
    "model": "contenttypes.contenttype", 
    "pk": 12
},
{
    "fields": {
        "app_label": "ozio", 
        "name": "transaction filter", 
        "model": "transactionfilter"
    }, 
    "model": "contenttypes.contenttype", 
    "pk": 13
},
{
    "fields": {
        "app_label": "ozio", 
        "name": "filter sql", 
        "model": "filtersql"
    }, 
    "model": "contenttypes.contenttype", 
    "pk": 14
},
{
    "fields": {
        "session_data": "YTFmYjM4YTMwMGJhYTdhMjczOTkzMTRlNWQyMzY4YjM3YjI3YjM3NDp7fQ==", 
        "expire_date": "2014-05-06T05:50:17Z"
    }, 
    "model": "sessions.session", 
    "pk": "mrqqnc8e5yh5zwprb1769tf7aafwl1d4"
},
{
    "fields": {
        "span_days": 0, 
        "description": "Off Balance Expense", 
        "type": "Off Balance"
    }, 
    "model": "ozio.type", 
    "pk": 1
},
{
    "fields": {
        "span_days": 0, 
        "description": "One Off Expense", 
        "type": "One Off"
    }, 
    "model": "ozio.type", 
    "pk": 2
},
{
    "fields": {
        "span_days": 365, 
        "description": "Annual Expense", 
        "type": "Annual"
    }, 
    "model": "ozio.type", 
    "pk": 3
},
{
    "fields": {
        "span_days": 30, 
        "description": "Monthly Expense", 
        "type": "Monthly"
    }, 
    "model": "ozio.type", 
    "pk": 4
},
{
    "fields": {
        "span_days": 0, 
        "description": "Salary, Interest, etc.", 
        "type": "Income"
    }, 
    "model": "ozio.type", 
    "pk": 5
},
{
    "fields": {
        "cate": "Living", 
        "description": "Must Spent To Stay Alive"
    }, 
    "model": "ozio.cate", 
    "pk": 1
},
{
    "fields": {
        "cate": "Luxury", 
        "description": "Enjoy living"
    }, 
    "model": "ozio.cate", 
    "pk": 2
},
{
    "fields": {
        "cate": "Properties", 
        "description": "Something last very long"
    }, 
    "model": "ozio.cate", 
    "pk": 3
},
{
    "fields": {
        "cate": "Off Balance", 
        "description": "Off Balance Expense, e.g. internal transfer"
    }, 
    "model": "ozio.cate", 
    "pk": 4
},
{
    "fields": {
        "cate": "Income", 
        "description": "Salary, Interest, etc."
    }, 
    "model": "ozio.cate", 
    "pk": 5
},
{
    "fields": {
        "cate": "Leisure", 
        "description": "Spent for enjoying life"
    }, 
    "model": "ozio.cate", 
    "pk": 6
},
{
    "fields": {
        "cate": 1, 
        "sub_cate": "Food & Drink", 
        "description": ""
    }, 
    "model": "ozio.subcate", 
    "pk": 1
},
{
    "fields": {
        "cate": 1, 
        "sub_cate": "Clothes & Shoes", 
        "description": ""
    }, 
    "model": "ozio.subcate", 
    "pk": 2
},
{
    "fields": {
        "cate": 2, 
        "sub_cate": "Wine", 
        "description": ""
    }, 
    "model": "ozio.subcate", 
    "pk": 3
},
{
    "fields": {
        "cate": 3, 
        "sub_cate": "Car", 
        "description": ""
    }, 
    "model": "ozio.subcate", 
    "pk": 4
},
{
    "fields": {
        "cate": 1, 
        "sub_cate": "Houseware", 
        "description": ""
    }, 
    "model": "ozio.subcate", 
    "pk": 5
},
{
    "fields": {
        "cate": 4, 
        "sub_cate": "N/A", 
        "description": ""
    }, 
    "model": "ozio.subcate", 
    "pk": 6
},
{
    "fields": {
        "cate": 1, 
        "sub_cate": "Mobile", 
        "description": "Mobile Phone"
    }, 
    "model": "ozio.subcate", 
    "pk": 7
},
{
    "fields": {
        "cate": 1, 
        "sub_cate": "Transport", 
        "description": "Train, Bus, Petrol, Toll Road, etc."
    }, 
    "model": "ozio.subcate", 
    "pk": 8
},
{
    "fields": {
        "cate": 4, 
        "sub_cate": "Cash Out", 
        "description": "Cash Out should be recorded manually"
    }, 
    "model": "ozio.subcate", 
    "pk": 9
},
{
    "fields": {
        "cate": 1, 
        "sub_cate": "Body Care", 
        "description": "Shower Gel, Shampoo, etc."
    }, 
    "model": "ozio.subcate", 
    "pk": 10
},
{
    "fields": {
        "cate": 5, 
        "sub_cate": "Credit Interest", 
        "description": ""
    }, 
    "model": "ozio.subcate", 
    "pk": 11
},
{
    "fields": {
        "cate": 5, 
        "sub_cate": "Salary", 
        "description": ""
    }, 
    "model": "ozio.subcate", 
    "pk": 12
},
{
    "fields": {
        "cate": 1, 
        "sub_cate": "Tax", 
        "description": ""
    }, 
    "model": "ozio.subcate", 
    "pk": 13
},
{
    "fields": {
        "cate": 1, 
        "sub_cate": "Home Rent", 
        "description": ""
    }, 
    "model": "ozio.subcate", 
    "pk": 14
},
{
    "fields": {
        "cate": 1, 
        "sub_cate": "Insurance", 
        "description": "Car, Life Insurance, etc."
    }, 
    "model": "ozio.subcate", 
    "pk": 15
},
{
    "fields": {
        "cate": 4, 
        "sub_cate": "RMB", 
        "description": "Money from China"
    }, 
    "model": "ozio.subcate", 
    "pk": 16
},
{
    "fields": {
        "cate": 6, 
        "sub_cate": "Travel", 
        "description": ""
    }, 
    "model": "ozio.subcate", 
    "pk": 17
},
{
    "fields": {
        "cate": 6, 
        "sub_cate": "Leisure:Food & Drink", 
        "description": ""
    }, 
    "model": "ozio.subcate", 
    "pk": 18
},
{
    "fields": {
        "type": 2, 
        "keyword": "COLES", 
        "cate": 1, 
        "sub_cate": 1, 
        "description": "", 
        "priority": 4
    }, 
    "model": "ozio.keyword", 
    "pk": 1
},
{
    "fields": {
        "type": 2, 
        "keyword": "WOOLWORTHS", 
        "cate": 1, 
        "sub_cate": 1, 
        "description": "", 
        "priority": 4
    }, 
    "model": "ozio.keyword", 
    "pk": 2
},
{
    "fields": {
        "type": 2, 
        "keyword": "KMART", 
        "cate": 1, 
        "sub_cate": 5, 
        "description": "", 
        "priority": 4
    }, 
    "model": "ozio.keyword", 
    "pk": 3
},
{
    "fields": {
        "type": 2, 
        "keyword": "TARGET", 
        "cate": 1, 
        "sub_cate": 5, 
        "description": "", 
        "priority": 4
    }, 
    "model": "ozio.keyword", 
    "pk": 4
},
{
    "fields": {
        "type": 1, 
        "keyword": "INTERNALS", 
        "cate": 4, 
        "sub_cate": 6, 
        "description": "Internal Money Transfer", 
        "priority": 10
    }, 
    "model": "ozio.keyword", 
    "pk": 5
},
{
    "fields": {
        "type": 2, 
        "keyword": "NEW BALANCE", 
        "cate": 1, 
        "sub_cate": 2, 
        "description": "", 
        "priority": 4
    }, 
    "model": "ozio.keyword", 
    "pk": 6
},
{
    "fields": {
        "type": 1, 
        "keyword": "TRANSFER TO XX4978", 
        "cate": 4, 
        "sub_cate": 6, 
        "description": "Internal", 
        "priority": 4
    }, 
    "model": "ozio.keyword", 
    "pk": 7
},
{
    "fields": {
        "type": 1, 
        "keyword": "TRANSFER FROM XX4978", 
        "cate": 4, 
        "sub_cate": 6, 
        "description": "Internal", 
        "priority": 4
    }, 
    "model": "ozio.keyword", 
    "pk": 8
},
{
    "fields": {
        "type": 1, 
        "keyword": "TRANSFER FROM XX8088", 
        "cate": 4, 
        "sub_cate": 6, 
        "description": "Internal", 
        "priority": 4
    }, 
    "model": "ozio.keyword", 
    "pk": 9
},
{
    "fields": {
        "type": 1, 
        "keyword": "TRANSFER TO XX8088", 
        "cate": 4, 
        "sub_cate": 6, 
        "description": "Internal", 
        "priority": 4
    }, 
    "model": "ozio.keyword", 
    "pk": 10
},
{
    "fields": {
        "type": 1, 
        "keyword": "TRANSFER TO XX8096", 
        "cate": 4, 
        "sub_cate": 6, 
        "description": "Internal", 
        "priority": 4
    }, 
    "model": "ozio.keyword", 
    "pk": 11
},
{
    "fields": {
        "type": 1, 
        "keyword": "TRANSFER FROM XX8096", 
        "cate": 4, 
        "sub_cate": 6, 
        "description": "Internal", 
        "priority": 4
    }, 
    "model": "ozio.keyword", 
    "pk": 12
},
{
    "fields": {
        "type": 4, 
        "keyword": "VODAFONE", 
        "cate": 1, 
        "sub_cate": 7, 
        "description": "", 
        "priority": 4
    }, 
    "model": "ozio.keyword", 
    "pk": 13
},
{
    "fields": {
        "type": 1, 
        "keyword": "CASH OUT", 
        "cate": 4, 
        "sub_cate": 9, 
        "description": "", 
        "priority": 10
    }, 
    "model": "ozio.keyword", 
    "pk": 14
},
{
    "fields": {
        "type": 2, 
        "keyword": "HANDYWAY RAIL", 
        "cate": 1, 
        "sub_cate": 8, 
        "description": "", 
        "priority": 4
    }, 
    "model": "ozio.keyword", 
    "pk": 15
},
{
    "fields": {
        "type": 2, 
        "keyword": "DAISO", 
        "cate": 1, 
        "sub_cate": 5, 
        "description": "", 
        "priority": 4
    }, 
    "model": "ozio.keyword", 
    "pk": 16
},
{
    "fields": {
        "type": 2, 
        "keyword": "PAYPAL", 
        "cate": 1, 
        "sub_cate": 5, 
        "description": "", 
        "priority": 4
    }, 
    "model": "ozio.keyword", 
    "pk": 17
},
{
    "fields": {
        "type": 2, 
        "keyword": "TONG LI", 
        "cate": 1, 
        "sub_cate": 1, 
        "description": "", 
        "priority": 4
    }, 
    "model": "ozio.keyword", 
    "pk": 18
},
{
    "fields": {
        "type": 2, 
        "keyword": "MR LIQUOR", 
        "cate": 2, 
        "sub_cate": 3, 
        "description": "", 
        "priority": 4
    }, 
    "model": "ozio.keyword", 
    "pk": 19
},
{
    "fields": {
        "type": 2, 
        "keyword": "BUNNINGS", 
        "cate": 1, 
        "sub_cate": 5, 
        "description": "", 
        "priority": 4
    }, 
    "model": "ozio.keyword", 
    "pk": 20
},
{
    "fields": {
        "type": 1, 
        "keyword": "TRANSFER TO XX7456", 
        "cate": 4, 
        "sub_cate": 6, 
        "description": "Internal", 
        "priority": 10
    }, 
    "model": "ozio.keyword", 
    "pk": 21
},
{
    "fields": {
        "type": 1, 
        "keyword": "TRANSFER FROM XX7456", 
        "cate": 4, 
        "sub_cate": 6, 
        "description": "Internal", 
        "priority": 10
    }, 
    "model": "ozio.keyword", 
    "pk": 22
},
{
    "fields": {
        "type": 2, 
        "keyword": "SOUQ FRESH", 
        "cate": 1, 
        "sub_cate": 1, 
        "description": "Vegi Store at Burwood Westfield", 
        "priority": 4
    }, 
    "model": "ozio.keyword", 
    "pk": 23
},
{
    "fields": {
        "type": 2, 
        "keyword": "COTTON ON", 
        "cate": 1, 
        "sub_cate": 2, 
        "description": "", 
        "priority": 4
    }, 
    "model": "ozio.keyword", 
    "pk": 24
},
{
    "fields": {
        "type": 4, 
        "keyword": "TELSTRA", 
        "cate": 1, 
        "sub_cate": 7, 
        "description": "", 
        "priority": 4
    }, 
    "model": "ozio.keyword", 
    "pk": 25
},
{
    "fields": {
        "type": 2, 
        "keyword": "CHEMIST WAREHOUSE", 
        "cate": 1, 
        "sub_cate": 10, 
        "description": "", 
        "priority": 4
    }, 
    "model": "ozio.keyword", 
    "pk": 26
},
{
    "fields": {
        "type": 5, 
        "keyword": "CREDIT INTEREST", 
        "cate": 5, 
        "sub_cate": 11, 
        "description": "", 
        "priority": 10
    }, 
    "model": "ozio.keyword", 
    "pk": 27
},
{
    "fields": {
        "type": 2, 
        "keyword": "HOME AND KITCHEN", 
        "cate": 1, 
        "sub_cate": 5, 
        "description": "", 
        "priority": 4
    }, 
    "model": "ozio.keyword", 
    "pk": 28
},
{
    "fields": {
        "type": 2, 
        "keyword": "PETROL", 
        "cate": 1, 
        "sub_cate": 8, 
        "description": "", 
        "priority": 4
    }, 
    "model": "ozio.keyword", 
    "pk": 29
},
{
    "fields": {
        "type": 2, 
        "keyword": "COUNTRY GROWERS", 
        "cate": 1, 
        "sub_cate": 1, 
        "description": "", 
        "priority": 4
    }, 
    "model": "ozio.keyword", 
    "pk": 30
},
{
    "fields": {
        "type": 1, 
        "keyword": "FROM A/C XX8088", 
        "cate": 4, 
        "sub_cate": 6, 
        "description": "Internal", 
        "priority": 10
    }, 
    "model": "ozio.keyword", 
    "pk": 31
},
{
    "fields": {
        "type": 1, 
        "keyword": "TO A/C XX8088", 
        "cate": 4, 
        "sub_cate": 6, 
        "description": "Internal", 
        "priority": 10
    }, 
    "model": "ozio.keyword", 
    "pk": 32
},
{
    "fields": {
        "type": 1, 
        "keyword": "FROM A/C XX4978", 
        "cate": 4, 
        "sub_cate": 6, 
        "description": "Internal", 
        "priority": 10
    }, 
    "model": "ozio.keyword", 
    "pk": 33
},
{
    "fields": {
        "type": 1, 
        "keyword": "TO A/C XX4978", 
        "cate": 4, 
        "sub_cate": 6, 
        "description": "Internal", 
        "priority": 10
    }, 
    "model": "ozio.keyword", 
    "pk": 34
},
{
    "fields": {
        "type": 2, 
        "keyword": "SYDNEY TRAINS", 
        "cate": 1, 
        "sub_cate": 8, 
        "description": "", 
        "priority": 4
    }, 
    "model": "ozio.keyword", 
    "pk": 35
},
{
    "fields": {
        "type": 2, 
        "keyword": "SUBWAY SANDWICHES", 
        "cate": 1, 
        "sub_cate": 1, 
        "description": "", 
        "priority": 4
    }, 
    "model": "ozio.keyword", 
    "pk": 36
},
{
    "fields": {
        "type": 1, 
        "keyword": "WDL ATM CBA ATM", 
        "cate": 4, 
        "sub_cate": 9, 
        "description": "ATM Withdraw", 
        "priority": 10
    }, 
    "model": "ozio.keyword", 
    "pk": 37
},
{
    "fields": {
        "type": 2, 
        "keyword": "WDL BRANCH 116 BURWOOD RD", 
        "cate": 3, 
        "sub_cate": 4, 
        "description": "Mazda 3 - Bank Check", 
        "priority": 10
    }, 
    "model": "ozio.keyword", 
    "pk": 38
},
{
    "fields": {
        "type": 2, 
        "keyword": "ROCKDALE MAZDA ARNCLIFFE NS AUS CARD XX1940", 
        "cate": 3, 
        "sub_cate": 4, 
        "description": "Mazda 3 - 1000 Bond", 
        "priority": 10
    }, 
    "model": "ozio.keyword", 
    "pk": 39
},
{
    "fields": {
        "type": 1, 
        "keyword": "TRANSFER FROM XX4986", 
        "cate": 4, 
        "sub_cate": 6, 
        "description": "Internal", 
        "priority": 10
    }, 
    "model": "ozio.keyword", 
    "pk": 40
},
{
    "fields": {
        "type": 2, 
        "keyword": "TFN WITHHOLDING TAX", 
        "cate": 1, 
        "sub_cate": 13, 
        "description": "Tax applied to interest before TFN", 
        "priority": 4
    }, 
    "model": "ozio.keyword", 
    "pk": 41
},
{
    "fields": {
        "type": 2, 
        "keyword": "TONGLI SUPER", 
        "cate": 1, 
        "sub_cate": 1, 
        "description": "", 
        "priority": 4
    }, 
    "model": "ozio.keyword", 
    "pk": 42
},
{
    "fields": {
        "type": 2, 
        "keyword": "RENT FEE", 
        "cate": 1, 
        "sub_cate": 14, 
        "description": "", 
        "priority": 4
    }, 
    "model": "ozio.keyword", 
    "pk": 43
},
{
    "fields": {
        "type": 2, 
        "keyword": "TEMPUS TWO", 
        "cate": 2, 
        "sub_cate": 3, 
        "description": "", 
        "priority": 4
    }, 
    "model": "ozio.keyword", 
    "pk": 44
},
{
    "fields": {
        "type": 1, 
        "keyword": "FROM A/C XX7456", 
        "cate": 4, 
        "sub_cate": 6, 
        "description": "Internal", 
        "priority": 10
    }, 
    "model": "ozio.keyword", 
    "pk": 45
},
{
    "fields": {
        "type": 1, 
        "keyword": "TO A/C XX7456", 
        "cate": 4, 
        "sub_cate": 6, 
        "description": "Internal", 
        "priority": 10
    }, 
    "model": "ozio.keyword", 
    "pk": 46
},
{
    "fields": {
        "type": 1, 
        "keyword": "FROM A/C XX4986", 
        "cate": 4, 
        "sub_cate": 6, 
        "description": "Internal", 
        "priority": 10
    }, 
    "model": "ozio.keyword", 
    "pk": 47
},
{
    "fields": {
        "type": 1, 
        "keyword": "TO A/C XX4986", 
        "cate": 4, 
        "sub_cate": 6, 
        "description": "Internal", 
        "priority": 10
    }, 
    "model": "ozio.keyword", 
    "pk": 48
},
{
    "fields": {
        "type": 2, 
        "keyword": "PARKING", 
        "cate": 1, 
        "sub_cate": 8, 
        "description": "", 
        "priority": 4
    }, 
    "model": "ozio.keyword", 
    "pk": 49
},
{
    "fields": {
        "type": 2, 
        "keyword": "LUNCH FEE", 
        "cate": 1, 
        "sub_cate": 1, 
        "description": "", 
        "priority": 4
    }, 
    "model": "ozio.keyword", 
    "pk": 50
},
{
    "fields": {
        "type": 2, 
        "keyword": "MD AUBURN 132 AUBURN NS", 
        "cate": 1, 
        "sub_cate": 2, 
        "description": "Auburn Outlet", 
        "priority": 4
    }, 
    "model": "ozio.keyword", 
    "pk": 51
},
{
    "fields": {
        "type": 2, 
        "keyword": "HANSANG TRADING", 
        "cate": 1, 
        "sub_cate": 5, 
        "description": "Korean Store at Lidcombe", 
        "priority": 4
    }, 
    "model": "ozio.keyword", 
    "pk": 52
},
{
    "fields": {
        "type": 3, 
        "keyword": "N R M A", 
        "cate": 1, 
        "sub_cate": 15, 
        "description": "NRMA", 
        "priority": 4
    }, 
    "model": "ozio.keyword", 
    "pk": 53
},
{
    "fields": {
        "type": 1, 
        "keyword": "TRANSFER TO XX4986", 
        "cate": 4, 
        "sub_cate": 6, 
        "description": "Internal", 
        "priority": 10
    }, 
    "model": "ozio.keyword", 
    "pk": 54
},
{
    "fields": {
        "type": 2, 
        "keyword": "COMMUNITY RELATIONS", 
        "cate": 1, 
        "sub_cate": 8, 
        "description": "CRC-License Translation", 
        "priority": 4
    }, 
    "model": "ozio.keyword", 
    "pk": 55
},
{
    "fields": {
        "type": 2, 
        "keyword": "CELLARBRATIONS", 
        "cate": 2, 
        "sub_cate": 3, 
        "description": "Wine Store at Strathfield", 
        "priority": 4
    }, 
    "model": "ozio.keyword", 
    "pk": 56
},
{
    "fields": {
        "type": 2, 
        "keyword": "DAVID JONES", 
        "cate": 1, 
        "sub_cate": 5, 
        "description": "", 
        "priority": 4
    }, 
    "model": "ozio.keyword", 
    "pk": 57
},
{
    "fields": {
        "type": 2, 
        "keyword": "HANDYWAY WORLD KITC", 
        "cate": 1, 
        "sub_cate": 5, 
        "description": "Houseware Store at BikenHead Point", 
        "priority": 4
    }, 
    "model": "ozio.keyword", 
    "pk": 58
},
{
    "fields": {
        "type": 2, 
        "keyword": "ETOLLRTB", 
        "cate": 1, 
        "sub_cate": 8, 
        "description": "E-TOLL", 
        "priority": 4
    }, 
    "model": "ozio.keyword", 
    "pk": 59
},
{
    "fields": {
        "type": 2, 
        "keyword": "RTA", 
        "cate": 1, 
        "sub_cate": 8, 
        "description": "RTA related. licensing, etc.", 
        "priority": 4
    }, 
    "model": "ozio.keyword", 
    "pk": 60
},
{
    "fields": {
        "type": 2, 
        "keyword": "TRANSPORT FOR NSW", 
        "cate": 1, 
        "sub_cate": 8, 
        "description": "OPAL", 
        "priority": 4
    }, 
    "model": "ozio.keyword", 
    "pk": 61
},
{
    "fields": {
        "type": 2, 
        "keyword": "DICK SMITH", 
        "cate": 1, 
        "sub_cate": 5, 
        "description": "", 
        "priority": 4
    }, 
    "model": "ozio.keyword", 
    "pk": 62
},
{
    "fields": {
        "type": 2, 
        "keyword": "REBEL SPORT", 
        "cate": 1, 
        "sub_cate": 2, 
        "description": "", 
        "priority": 4
    }, 
    "model": "ozio.keyword", 
    "pk": 63
},
{
    "fields": {
        "type": 1, 
        "keyword": "LIVING EXPENSE", 
        "cate": 4, 
        "sub_cate": 16, 
        "description": "Money from China", 
        "priority": 10
    }, 
    "model": "ozio.keyword", 
    "pk": 64
},
{
    "fields": {
        "type": 1, 
        "keyword": "MR WENZHEN HE REF 131120011759", 
        "cate": 4, 
        "sub_cate": 16, 
        "description": "Money from UK Account", 
        "priority": 10
    }, 
    "model": "ozio.keyword", 
    "pk": 65
},
{
    "fields": {
        "type": 1, 
        "keyword": "WENZHEN REF: CASH DEPOSIT CBA ATM STRATHFIELD A NSW 225601 AUS", 
        "cate": 4, 
        "sub_cate": 16, 
        "description": "Money from China", 
        "priority": 10
    }, 
    "model": "ozio.keyword", 
    "pk": 66
},
{
    "fields": {
        "type": 2, 
        "keyword": "GENERAL FOOD", 
        "cate": 1, 
        "sub_cate": 1, 
        "description": "Manual Input Food", 
        "priority": 5
    }, 
    "model": "ozio.keyword", 
    "pk": 69
},
{
    "fields": {
        "type": 2, 
        "keyword": "SEAFOOD BUYFOOD", 
        "cate": 6, 
        "sub_cate": 18, 
        "description": "Fish Market Seafood", 
        "priority": 4
    }, 
    "model": "ozio.keyword", 
    "pk": 70
},
{
    "fields": {
        "type": 2, 
        "keyword": "GENERAL TRANSPORT", 
        "cate": 1, 
        "sub_cate": 8, 
        "description": "Manual Input Transport", 
        "priority": 5
    }, 
    "model": "ozio.keyword", 
    "pk": 71
},
{
    "fields": {
        "type": 2, 
        "keyword": "GENERAL SOCIAL", 
        "cate": 6, 
        "sub_cate": 18, 
        "description": "Manual Input Social", 
        "priority": 5
    }, 
    "model": "ozio.keyword", 
    "pk": 72
},
{
    "fields": {
        "type": 2, 
        "keyword": "GENERAL TRAVEL", 
        "cate": 6, 
        "sub_cate": 17, 
        "description": "Manual Input Travel", 
        "priority": 5
    }, 
    "model": "ozio.keyword", 
    "pk": 73
},
{
    "fields": {
        "type": 2, 
        "keyword": "DRIVING LESSON", 
        "cate": 1, 
        "sub_cate": 8, 
        "description": "Manual Input Driving Lesson", 
        "priority": 5
    }, 
    "model": "ozio.keyword", 
    "pk": 74
},
{
    "fields": {
        "content_type": 1, 
        "name": "Can add log entry", 
        "codename": "add_logentry"
    }, 
    "model": "auth.permission", 
    "pk": 1
},
{
    "fields": {
        "content_type": 1, 
        "name": "Can change log entry", 
        "codename": "change_logentry"
    }, 
    "model": "auth.permission", 
    "pk": 2
},
{
    "fields": {
        "content_type": 1, 
        "name": "Can delete log entry", 
        "codename": "delete_logentry"
    }, 
    "model": "auth.permission", 
    "pk": 3
},
{
    "fields": {
        "content_type": 2, 
        "name": "Can add permission", 
        "codename": "add_permission"
    }, 
    "model": "auth.permission", 
    "pk": 4
},
{
    "fields": {
        "content_type": 2, 
        "name": "Can change permission", 
        "codename": "change_permission"
    }, 
    "model": "auth.permission", 
    "pk": 5
},
{
    "fields": {
        "content_type": 2, 
        "name": "Can delete permission", 
        "codename": "delete_permission"
    }, 
    "model": "auth.permission", 
    "pk": 6
},
{
    "fields": {
        "content_type": 3, 
        "name": "Can add group", 
        "codename": "add_group"
    }, 
    "model": "auth.permission", 
    "pk": 7
},
{
    "fields": {
        "content_type": 3, 
        "name": "Can change group", 
        "codename": "change_group"
    }, 
    "model": "auth.permission", 
    "pk": 8
},
{
    "fields": {
        "content_type": 3, 
        "name": "Can delete group", 
        "codename": "delete_group"
    }, 
    "model": "auth.permission", 
    "pk": 9
},
{
    "fields": {
        "content_type": 4, 
        "name": "Can add user", 
        "codename": "add_user"
    }, 
    "model": "auth.permission", 
    "pk": 10
},
{
    "fields": {
        "content_type": 4, 
        "name": "Can change user", 
        "codename": "change_user"
    }, 
    "model": "auth.permission", 
    "pk": 11
},
{
    "fields": {
        "content_type": 4, 
        "name": "Can delete user", 
        "codename": "delete_user"
    }, 
    "model": "auth.permission", 
    "pk": 12
},
{
    "fields": {
        "content_type": 5, 
        "name": "Can add content type", 
        "codename": "add_contenttype"
    }, 
    "model": "auth.permission", 
    "pk": 13
},
{
    "fields": {
        "content_type": 5, 
        "name": "Can change content type", 
        "codename": "change_contenttype"
    }, 
    "model": "auth.permission", 
    "pk": 14
},
{
    "fields": {
        "content_type": 5, 
        "name": "Can delete content type", 
        "codename": "delete_contenttype"
    }, 
    "model": "auth.permission", 
    "pk": 15
},
{
    "fields": {
        "content_type": 6, 
        "name": "Can add session", 
        "codename": "add_session"
    }, 
    "model": "auth.permission", 
    "pk": 16
},
{
    "fields": {
        "content_type": 6, 
        "name": "Can change session", 
        "codename": "change_session"
    }, 
    "model": "auth.permission", 
    "pk": 17
},
{
    "fields": {
        "content_type": 6, 
        "name": "Can delete session", 
        "codename": "delete_session"
    }, 
    "model": "auth.permission", 
    "pk": 18
},
{
    "fields": {
        "content_type": 7, 
        "name": "Can add type", 
        "codename": "add_type"
    }, 
    "model": "auth.permission", 
    "pk": 19
},
{
    "fields": {
        "content_type": 7, 
        "name": "Can change type", 
        "codename": "change_type"
    }, 
    "model": "auth.permission", 
    "pk": 20
},
{
    "fields": {
        "content_type": 7, 
        "name": "Can delete type", 
        "codename": "delete_type"
    }, 
    "model": "auth.permission", 
    "pk": 21
},
{
    "fields": {
        "content_type": 8, 
        "name": "Can add cate", 
        "codename": "add_cate"
    }, 
    "model": "auth.permission", 
    "pk": 22
},
{
    "fields": {
        "content_type": 8, 
        "name": "Can change cate", 
        "codename": "change_cate"
    }, 
    "model": "auth.permission", 
    "pk": 23
},
{
    "fields": {
        "content_type": 8, 
        "name": "Can delete cate", 
        "codename": "delete_cate"
    }, 
    "model": "auth.permission", 
    "pk": 24
},
{
    "fields": {
        "content_type": 9, 
        "name": "Can add sub cate", 
        "codename": "add_subcate"
    }, 
    "model": "auth.permission", 
    "pk": 25
},
{
    "fields": {
        "content_type": 9, 
        "name": "Can change sub cate", 
        "codename": "change_subcate"
    }, 
    "model": "auth.permission", 
    "pk": 26
},
{
    "fields": {
        "content_type": 9, 
        "name": "Can delete sub cate", 
        "codename": "delete_subcate"
    }, 
    "model": "auth.permission", 
    "pk": 27
},
{
    "fields": {
        "content_type": 10, 
        "name": "Can add keyword", 
        "codename": "add_keyword"
    }, 
    "model": "auth.permission", 
    "pk": 28
},
{
    "fields": {
        "content_type": 10, 
        "name": "Can change keyword", 
        "codename": "change_keyword"
    }, 
    "model": "auth.permission", 
    "pk": 29
},
{
    "fields": {
        "content_type": 10, 
        "name": "Can delete keyword", 
        "codename": "delete_keyword"
    }, 
    "model": "auth.permission", 
    "pk": 30
},
{
    "fields": {
        "content_type": 11, 
        "name": "Can add source file", 
        "codename": "add_sourcefile"
    }, 
    "model": "auth.permission", 
    "pk": 31
},
{
    "fields": {
        "content_type": 11, 
        "name": "Can change source file", 
        "codename": "change_sourcefile"
    }, 
    "model": "auth.permission", 
    "pk": 32
},
{
    "fields": {
        "content_type": 11, 
        "name": "Can delete source file", 
        "codename": "delete_sourcefile"
    }, 
    "model": "auth.permission", 
    "pk": 33
},
{
    "fields": {
        "content_type": 12, 
        "name": "Can add transaction", 
        "codename": "add_transaction"
    }, 
    "model": "auth.permission", 
    "pk": 34
},
{
    "fields": {
        "content_type": 12, 
        "name": "Can change transaction", 
        "codename": "change_transaction"
    }, 
    "model": "auth.permission", 
    "pk": 35
},
{
    "fields": {
        "content_type": 12, 
        "name": "Can delete transaction", 
        "codename": "delete_transaction"
    }, 
    "model": "auth.permission", 
    "pk": 36
},
{
    "fields": {
        "content_type": 13, 
        "name": "Can add transaction filter", 
        "codename": "add_transactionfilter"
    }, 
    "model": "auth.permission", 
    "pk": 37
},
{
    "fields": {
        "content_type": 13, 
        "name": "Can change transaction filter", 
        "codename": "change_transactionfilter"
    }, 
    "model": "auth.permission", 
    "pk": 38
},
{
    "fields": {
        "content_type": 13, 
        "name": "Can delete transaction filter", 
        "codename": "delete_transactionfilter"
    }, 
    "model": "auth.permission", 
    "pk": 39
},
{
    "fields": {
        "content_type": 14, 
        "name": "Can add filter sql", 
        "codename": "add_filtersql"
    }, 
    "model": "auth.permission", 
    "pk": 40
},
{
    "fields": {
        "content_type": 14, 
        "name": "Can change filter sql", 
        "codename": "change_filtersql"
    }, 
    "model": "auth.permission", 
    "pk": 41
},
{
    "fields": {
        "content_type": 14, 
        "name": "Can delete filter sql", 
        "codename": "delete_filtersql"
    }, 
    "model": "auth.permission", 
    "pk": 42
},
{
    "fields": {
        "date_joined": "2014-04-22T05:49:56Z", 
        "email": "", 
        "password": "pbkdf2_sha256$12000$CEByEK8osv7n$3WXBziglOUrc84UoZuCWG6OHtP/7Kci2soxR24D45/g=", 
        "user_permissions": [], 
        "groups": [], 
        "last_login": "2014-04-22T05:49:56Z", 
        "is_staff": true, 
        "is_superuser": true, 
        "is_active": true, 
        "last_name": "", 
        "first_name": "", 
        "username": "admin"
    }, 
    "model": "auth.user", 
    "pk": 1
}
]
